id,price
0,4652.493430555555
1,13161.428668650791
2,5163.251578102453
3,58414.32572727272
4,50211.207107142865
5,58343.10614682544
6,16710.038780122657
7,63435.46515079366
8,10386.342563131311
9,6710.203845238101
10,5973.0067184343425
11,5642.563148809523
12,7034.308148809523
13,68062.26622186146
14,46869.033112012985
15,4831.233094932845
16,5869.435851190477
17,4838.8934206349195
18,4647.475906746033
19,56195.17912878788
20,5868.975091810965
21,5701.651922799421
22,56508.97371969696
23,54593.51216666667
24,5970.571507575758
25,4755.385
26,5795.698247474747
27,7204.624654761903
28,5784.447265873015
29,61398.40922619047
30,8893.74336724387
31,61628.69463492061
32,5006.348966269842
33,47618.857825757565
34,4668.238523268399
35,5900.873976190478
36,5379.33259271284
37,4706.611067821067
38,4485.410956349207
39,8711.117728715728
40,5905.322720238098
41,3149.3024861111103
42,54214.281757936515
43,5483.24158116883
44,5818.038101911977
45,10253.433271825399
46,52122.40066666666
47,50302.16992261904
48,6469.119519841271
49,6690.329170634923
50,5153.778646825396
51,57708.3021626984
52,5533.758797258295
53,6447.026376984128
54,4365.092093253969
55,4318.208383297257
56,5701.638687479186
57,14430.629282467531
58,5815.506852092353
59,4433.158281746032
60,8596.835370851373
61,4868.122047619047
62,3970.713654761905
63,43739.10666666668
64,5523.145607864359
65,4936.010041666667
66,62852.07413672439
67,3813.6475366161617
68,75077.79867063493
69,66490.45518055555
70,1440.2233908730161
71,2259.714471001221
72,52233.010988095244
73,7373.845081154958
74,6376.61406439394
75,6592.968075396825
76,4318.332057539682
77,5976.928418192916
78,8380.183034812413
79,6403.863968253969
80,6853.931528318903
81,7620.652609848485
82,41496.58833333333
83,6518.540873557
84,1776.4745119047623
85,6330.298380952382
86,45849.406646825395
87,6585.822426767678
88,3007.3075
89,6447.48007142857
90,6855.855843253967
91,4559.036798881675
92,42718.744349206354
93,56863.54804166666
94,4986.743200119325
95,5440.605202922078
96,6195.881287698413
97,8088.667056637811
98,14068.161682997554
99,32361.305789682534
100,59016.90626028137
101,60942.13
102,4104.30254491342
103,2358.2259044150287
104,6068.856666666667
105,52362.48780555555
106,14727.750554834063
107,10061.64102651515
108,8433.873563852814
109,11870.66713293651
110,4565.35406962482
111,7703.140291902541
112,28249.858001984125
113,5517.052625901877
114,3966.701890873016
115,53105.80743253969
116,8860.534565476191
117,7175.600928571433
118,61240.875499999995
119,43888.347857142864
120,4776.274319444445
121,3240.748791666667
122,5075.846662698411
123,74858.72437301588
124,56998.779
125,5832.244845057718
126,4214.14096031746
127,9918.936367063494
128,3959.1985853174583
129,34502.05257142857
130,10293.421870670994
131,54154.071912337655
132,6921.730333291706
133,5734.972325216451
134,24112.646174603175
135,60396.0
136,4967.9109146825385
137,5694.139518217894
138,2575.3838050144304
139,6714.552954365079
140,4465.396521825397
141,3804.206780844155
142,55824.5365734127
143,5824.087485389609
144,12177.06587463925
145,60302.18564285714
146,11510.716869408374
147,3458.776974206349
148,4337.779898809525
149,7760.104625
150,5292.174647005772
151,58587.12528968256
152,5901.688960317461
153,54840.51655555559
154,7611.083803571428
155,50322.052132936515
156,8440.240822496946
157,4004.235555555555
158,4807.814882395384
159,4879.315220418473
160,5512.2827234432225
161,17187.936790584412
162,5837.709035714287
163,5280.353633297258
164,4722.131517857143
165,3247.910544552671
166,59993.41133333334
167,7580.150882936507
168,4056.8713928571424
169,5927.821277777775
170,4348.51856547619
171,7046.315850468973
172,5638.351996031747
173,62132.06839682538
174,6419.741209776334
175,75785.7371765873
176,6546.493663961042
177,6611.354359126983
178,13059.22820634921
179,6121.985708333333
180,56687.966838383836
181,37124.60737500001
182,6020.878565476189
183,5561.858836580088
184,13598.965126012876
185,11534.139047258295
186,5889.868696428573
187,6836.849691558446
188,67044.93328174604
189,6188.224888888889
190,4974.516361111113
191,57343.859124999995
192,8805.929472763348
193,5399.869912698413
194,14327.19455627706
195,5865.07570436508
196,12772.73672023809
197,22052.658568722938
198,9941.317755952383
199,5159.948400793652
200,3195.247683316684
201,6406.412886904762
202,52410.37845238095
203,63679.83657142858
204,3738.9174464285707
205,4953.903536435786
206,5940.214755772006
207,48554.71907249695
208,5229.081607864359
209,41783.48830357143
210,55299.01616666667
211,1786.4052817460317
212,3991.9809494949486
213,6748.959904761903
214,45885.43916666667
215,7015.064785714287
216,5950.372774891775
217,7078.5590535714255
218,2371.0572478354975
219,65242.14212698412
220,50453.624035714296
221,4264.38038095238
222,25599.110154761904
223,4022.2845833333336
224,11451.366367784996
225,8814.177144119769
226,56736.831875
227,54944.86870833333
228,7679.618546717175
229,74378.50020114606
230,5413.483440476191
231,4396.9022949134205
232,13406.752880952381
233,8758.008965367964
234,7483.699825396829
235,9537.078396825393
236,58556.50210497835
237,60233.35420039682
238,4169.412341269842
239,4754.78417063492
240,49510.054375
241,3709.400212301587
242,49676.73210912696
243,5906.325045634919
244,8344.692192460318
245,51080.76087103176
246,5559.733327380952
247,46318.46400000001
248,9844.269297619048
249,10530.471228174601
250,4812.474422619048
251,2628.0162570346315
252,3521.5556170634927
253,54445.520249999994
254,55578.469333333334
255,7048.56447763348
256,6221.6859246031745
257,56956.38676190476
258,50695.94442460317
259,9800.924545634927
260,7494.272013888889
261,4644.473163419914
262,2368.2604168192925
263,51853.27999404762
264,59337.130349206345
265,13441.444863095241
266,11099.115036532907
267,2715.9873333333335
268,13529.696250000003
269,2862.1077951770444
270,46300.38666666666
271,14123.636349206357
272,5241.3951614357875
273,6424.996706349209
274,6488.299236111111
275,2148.2109642857145
276,58943.21097222221
277,4662.465580433454
278,43650.49481439395
279,52874.34488888889
280,13088.36786111111
281,6506.605777777778
282,46331.413
283,6006.072257936507
284,6251.97038690476
285,31619.08108730159
286,4653.197917568542
287,6020.490833333333
288,10791.461371031748
289,70968.0738968254
290,2446.697034451659
291,24030.245692307693
292,68669.47328354979
293,51548.05609126985
294,2775.3922261904754
295,7887.322787698408
296,73185.46258658012
297,4179.227482142857
298,15747.650058261186
299,6706.116427308802
300,4071.6704756493523
301,6470.0524444444445
302,54621.15446626984
303,3725.9078001443017
304,6155.210451617826
305,6599.928313492064
306,68179.90491666667
307,6018.12176497114
308,5089.1025833333315
309,9974.143121031739
310,12313.709793650794
311,44291.424000000006
312,5481.569787878787
313,51285.05926190476
314,4623.573702380952
315,4184.117393037519
316,11509.337686507935
317,5102.063418470418
318,3271.788480158731
319,53987.65318650795
320,54054.141738095226
321,50945.3565
322,4897.438437229436
323,4281.095607142857
324,25348.994333333336
325,5388.338244047618
326,2483.346119047619
327,4748.918523809524
328,60902.47146825397
329,1835.61958531746
330,6570.060244047619
331,4371.190183080808
332,5322.0
333,4975.426968253969
334,61610.49936309524
335,6251.955248917749
336,4402.032176587301
337,3732.1695654761907
338,10909.052487554112
339,9023.245283730159
340,5279.264496753246
341,13180.286280483408
342,7653.679184523807
343,4786.6916190476195
344,9636.37786111111
345,6495.024303571428
346,46285.921573773456
347,4494.551152014651
348,6877.054031746034
349,7360.858688492061
350,33165.93697619048
351,54684.0
352,7577.981866522361
353,7480.619642857145
354,5724.801740079366
355,4059.6954642857136
356,61203.751038961025
357,7915.939939033185
358,3034.800613095239
359,51902.0
360,2611.934432539683
361,60956.06
362,6221.773781537905
363,59894.902749999994
364,53877.43677380953
365,18053.205489940618
366,51754.79888888889
367,60816.64844805192
368,4811.990803571429
369,7728.55972925685
370,8038.196224206347
371,42851.17583928572
372,4499.184636904762
373,6450.0
374,9411.028517857143
375,5361.51683531746
376,28609.291428571432
377,14679.788704725832
378,6422.000375
379,8920.344317279942
380,5499.488721139971
381,8016.313918470419
382,4522.10218452381
383,10202.589305555552
384,6522.8118154761905
385,6886.973464285715
386,4284.393382936508
387,3121.918732864359
388,10734.27271031746
389,6715.7257335858585
390,6079.108892857143
391,70325.75191468258
392,4693.133379273504
393,6265.7193809523815
394,47573.40688690476
395,11256.600839285713
396,5517.55095436508
397,8330.614125
398,62489.552
399,6173.739261544011
400,50194.52738095238
401,7707.947733405482
402,1819.0556746031748
403,3053.4019527417026
404,19600.194067640692
405,9040.789047799422
406,3862.5598851010086
407,5415.763430916306
408,4611.685583333336
409,52636.179833333335
410,59287.75066666665
411,7485.83156271506
412,8752.309654761906
413,4273.012204365081
414,1995.0320833333335
415,7909.625705447331
416,3465.270716269841
417,54704.95988095238
418,9058.153426587302
419,7246.392378968252
420,6136.522970238097
421,7280.274912698411
422,45883.0
423,5432.687208333335
424,44366.954000000005
425,52063.0
426,4559.625422771672
427,3391.0631785714295
428,40347.88688257575
429,5424.580414502163
430,2845.2217361111107
431,4414.381797619048
432,60053.82889682539
433,3743.4164702380986
434,3199.70516883117
435,20612.543142857143
436,6596.76273611111
437,70873.45343253971
438,8452.657033730158
439,54425.77291666667
440,6569.325136904763
441,4710.3947976190475
442,4265.762369047619
443,40016.83486904762
444,3156.7624583333345
445,11053.212072510822
446,5698.505331349206
447,13666.975440476195
448,50508.828083333334
449,49234.31989087302
450,62083.76402020202
451,3439.375923340549
452,9765.041023629148
453,70840.37968452381
454,4831.276341117216
455,46631.8084623016
456,48157.63227380952
457,3458.840138888889
458,47670.02091901153
459,4526.955279761905
460,57093.15765079366
461,53974.69175396826
462,79812.07453391053
463,7457.231452380953
464,6078.267166666666
465,5495.435640331889
466,9148.192630952382
467,4780.257880952381
468,7696.040710317462
469,11553.23423611111
470,5701.669309523809
471,9333.025935064936
472,6182.526948232324
473,69827.99343434343
474,7418.576395021644
475,26914.643769841274
476,33581.43066666667
477,4786.217956349205
478,6352.53218073593
479,72042.26281313131
480,6565.115972222224
481,4995.253626803753
482,49710.4580952381
483,6165.876164682541
484,28285.09
485,14157.406046717173
486,10194.44934145022
487,41309.29106547619
488,4625.017865079367
489,4749.366078282829
490,4674.851210317461
491,6165.021686507933
492,59625.03311309524
493,49642.700777777776
494,62103.53467857143
495,63179.53761904761
496,9794.960068542567
497,58756.06730952382
498,3209.173515207016
499,1924.8556839826842
500,56490.570166666665
501,43780.92395238096
502,2548.335646825397
503,42051.77273214286
504,4378.324793650793
505,53508.88977182538
506,11968.087248015876
507,6499.667021825398
508,10037.990200396825
509,6012.446775793651
510,53717.62811904762
511,4523.265053571429
512,62422.19991071432
513,5883.256837662336
514,11410.312422619048
515,8148.413400432903
516,5882.108854978354
517,49974.80588095237
518,58129.32033333333
519,13931.453337301593
520,19299.63758730159
521,5107.113313492064
522,60987.29625
523,49651.61550000001
524,15474.399170815295
525,3439.6590297619045
526,3589.759916666668
527,13608.931301587303
528,2784.2373392857135
529,5866.504555555556
530,17934.9632281746
531,2461.931748015873
532,65502.836
533,7836.519177489181
534,7522.7172301587325
535,67685.81992261905
536,11798.046817460316
537,7455.539571608949
538,11598.18307738095
539,71337.23835335497
540,5641.559871212122
541,9912.386085317461
542,6724.868063492065
543,63492.40525
544,9749.58804238817
545,9617.613984126983
546,11972.773637987017
547,46044.56983333334
548,2082.693119047619
549,4221.773996031745
550,5117.392753968255
551,11909.241710012211
552,4790.402077380953
553,57300.784095238094
554,4328.6506071428585
555,4519.78523322511
556,34447.722309523815
557,55111.719549422814
558,4334.020786796537
559,49306.899324855694
560,58827.69761309525
561,64772.406194444426
562,3565.2315562770555
563,21268.372142857144
564,11017.392744200244
565,58488.25989285716
566,11341.053611111112
567,68096.18258333331
568,14333.259232142855
569,2149.4664285714284
570,2743.2621584526573
571,45658.63483333332
572,5291.154956529581
573,4326.351153138529
574,22171.82
575,61196.44808531746
576,33708.82669047619
577,3352.9509617604617
578,69634.9436388889
579,3115.6822142857145
580,2884.78368452381
581,6969.501611111111
582,7514.213926587308
583,54931.44472817461
584,13624.326660714287
585,7408.631706349203
586,4488.125
587,4297.03063095238
588,5300.921674603175
589,49634.0275
590,3762.783771825399
591,14229.236533189032
592,1604.637319444445
593,3685.4780534188053
594,5095.677424242425
595,46889.63124188312
596,12684.92555844156
597,2624.927126984127
598,55686.22565277779
599,7365.408072510824
600,4816.122301587302
601,59670.86999404762
602,7149.946210317463
603,55562.10917261904
604,64312.983209235215
605,6328.697461760463
606,57000.001111111116
607,68499.39021825396
608,17876.65974332612
609,6707.358406746033
610,5638.131898809523
611,61903.122851010114
612,4340.978561507936
613,74200.27078159341
614,3314.940248737373
615,59558.45474999999
616,4989.7476314935075
617,53303.569
618,81901.77291666665
619,4976.761308080807
620,9229.807055555555
621,7211.82230753968
622,6494.236481060608
623,7638.718943542568
624,55166.98241666667
625,9934.209313492061
626,60260.0
627,7918.894121031747
628,11585.460902777782
629,44144.0
630,5707.6490496031765
631,52662.25626587302
632,71387.1741626984
633,3352.747232142857
634,5339.318433441558
635,8392.253878968255
636,2974.275266774893
637,3737.2172579365074
638,9039.008081349206
639,1871.38356547619
640,56686.62756547618
641,11538.135805735938
642,41091.52492857143
643,48888.584
644,4901.73734035409
645,58189.457
646,5152.033026154401
647,65448.00867460317
648,5994.241222222223
649,5561.1731760461735
650,3546.6029027777786
651,64150.10973448771
652,44338.8
653,5937.297002705625
654,4871.885001984128
655,4585.738192460314
656,51925.91334523809
657,5141.603281746031
658,4853.469444444445
659,5473.28022943723
660,39499.0
661,7200.752485569987
662,59132.071063492076
663,4472.241053571428
664,2516.5041443001446
665,11313.528458333336
666,4721.269424603174
667,8189.1136547619035
668,27112.852436507947
669,1637.69816548729
670,5632.106319444447
671,14178.675306998559
672,52252.99833333334
673,4634.470172619047
674,61585.39623809523
675,47803.159636904755
676,45724.09364880952
677,2877.9225178571437
678,5123.29881746032
679,3368.4495337301596
680,4672.641666666666
681,4047.6396746031746
682,61349.522964285716
683,7304.631564213569
684,4009.103281746032
685,3719.0750810439563
686,52063.0
687,8382.691939574312
688,11862.814497474747
689,39771.90685317461
690,6100.388964285711
691,4953.155852813854
692,59281.95637229438
693,51817.0
694,6616.137869227994
695,60196.582111111136
696,2499.0227521645024
697,7193.225446428566
698,5171.946688311691
699,46846.63178571429
700,15752.587319805196
701,6092.7291699134175
702,23908.765
703,44247.053666666674
704,18099.136258297254
705,45641.65983098845
706,6352.745911616157
707,4108.4176547619045
708,4609.047712301588
709,6804.9306664862925
710,11806.239786255406
711,50295.05938600289
712,4339.00135515873
713,49992.22933333334
714,7807.201831349206
715,5061.840158910532
716,2976.5724642857153
717,11117.85736922799
718,2593.4275119047625
719,63674.81264664503
720,43026.07633928572
721,56213.42347492786
722,55073.46916648632
723,6012.703677849927
724,1809.1741626984121
725,3020.5778293650806
726,4413.969948412698
727,29669.65783333334
728,4232.413476190476
729,6408.142300144299
730,62977.00480158729
731,2353.951345238095
732,3367.198377705628
733,2124.766
734,65409.56086507936
735,63131.462533008664
736,7560.165432359307
737,45883.0
738,20865.2205
739,5076.674957251081
740,6807.285835317457
741,14656.524511904761
742,8183.627851190477
743,5427.781126984126
744,62436.546495851384
745,64755.37616666667
746,8502.744177794426
747,5945.855535714285
748,7215.886418650796
749,10291.920809981682
750,76281.88728617219
751,5982.846915404042
752,3397.6232483766244
753,6910.587339285715
754,6107.947789682538
755,48593.813454365096
756,5676.967638888887
757,6963.287739718617
758,3025.6156558441567
759,57385.67298412698
760,7837.42025595238
761,6302.381696428571
762,52641.34064285714
763,5138.3341249999985
764,57440.99355555556
765,3143.4122757936507
766,4330.845801587303
767,4004.082839646466
768,4951.987833333334
769,55947.050761904764
770,6104.986628968253
771,49885.54978571429
772,6909.2153670634925
773,6703.77518632756
774,60472.346718253975
775,20684.0
776,67036.63802777778
777,71314.10346266233
778,6171.739792388165
779,53023.2728670635
780,6289.704159632031
781,6919.909843434343
782,8125.40000992063
783,5448.65546626984
784,8230.767948412697
785,2729.7040831529594
786,2148.976261904762
787,5085.174482142859
788,11220.851360930736
789,8137.687380952381
790,7345.5992857142855
791,36655.18456980519
792,66120.97581006495
793,4699.1838459595965
794,3928.649073773448
795,6557.144394841271
796,11926.665869047609
797,8432.778420634919
798,4373.705549603175
799,4999.325638888889
800,5278.49638365801
801,11357.23228174603
802,2907.247166666666
803,72557.6104760101
804,6114.349650793652
805,48308.925
806,4262.442865440115
807,4370.445139069266
808,6329.578732142857
809,5019.404220418471
810,22418.908999999996
811,6713.646408189031
812,12879.947765262512
813,27834.23238888889
814,9927.479479617605
815,2623.222827380953
816,9871.480977272726
817,5949.0
818,6430.835293650796
819,5906.582273809523
820,51878.458837301594
821,47189.389761904764
822,4026.293367063491
823,3095.096146825397
824,49975.59452777778
825,15358.45871608947
826,7593.3150566378035
827,6387.6065853174605
828,4461.896793650794
829,7549.089374819622
830,17538.52936309524
831,2502.7137698412703
832,4679.459952380953
833,5289.778553571428
834,44149.712
835,4376.476532287157
836,46237.78153571429
837,5041.896591269842
838,6364.153977092351
839,12497.030812049068
840,3630.504886904761
841,8370.540201839827
842,6323.989224206349
843,5950.294609307359
844,5524.075154761905
845,3032.868099206349
846,11975.141207251085
847,7568.241726190477
848,6487.228265873016
849,8784.242011904764
850,50268.12966666667
851,6450.0475000000015
852,3942.433192460316
853,66653.88205357142
854,5844.700162518035
855,7120.87882449495
856,4528.177685425686
857,9726.969550671549
858,74438.90826388886
859,4754.251422619046
860,7591.102384920637
861,4868.286849927848
862,5110.701783730157
863,13450.673321428567
864,6177.694345238096
865,53284.211285714286
866,5736.213035714285
867,72482.5155833333
868,6183.149535353533
869,5952.535
870,56724.61178571429
871,4151.891277958152
872,4036.0085654761897
873,14066.769786976918
874,5250.272327380954
875,58029.258083333334
876,3534.2557427849933
877,8579.38575793651
878,56960.77368073592
879,16075.268172619044
880,62450.524222222244
881,3093.907570707072
882,68484.46465198688
883,6809.381636904762
884,20970.194428571434
885,45311.29232142857
886,4484.28743452381
887,9912.507230588855
888,6904.141293650793
889,57857.911884920635
890,4631.160047438672
891,39046.847916666666
892,8179.449546536797
893,4974.505082611834
894,6448.908222222221
895,61897.18028968253
896,5169.042036255411
897,14725.712906746037
898,48990.56701190476
899,5901.881665043292
900,2402.032912698413
901,63340.16766666668
902,8749.77856691919
903,14633.224253066372
904,51325.1811547619
905,60508.0
906,6118.084043650793
907,56476.0
908,8121.9914816017335
909,6444.733834595961
910,55680.52220833334
911,5266.912221500722
912,56682.6296845238
913,2779.875941558442
914,3694.1404277528027
915,4478.30436904762
916,49629.64538888889
917,51707.0
918,13333.49527308802
919,1330.4938544372294
920,49922.62113690476
921,55778.98886706348
922,4734.611961580086
923,6304.1655575396835
924,7454.703124458872
925,7052.356805555554
926,39573.868488095235
927,4574.284384920635
928,58617.668101370866
929,53854.63044246032
930,15885.501542568547
931,3649.981488095237
932,5109.912400974027
933,10420.493860569988
934,52434.24412698413
935,57832.40203210678
936,7505.046162698415
937,9219.289902014649
938,3662.748484126984
939,5622.360992424241
940,48783.41914880954
941,50477.3
942,56068.882333333335
943,45748.23996825397
944,12700.339453102455
945,12310.476197871572
946,4279.124728174605
947,57504.46356872295
948,1732.4699285714285
949,6085.093159798534
950,5403.49188095238
951,5116.677319444447
952,57699.255999999994
953,6753.688774531025
954,3537.6442976190474
955,56784.612833333325
956,7250.032400072149
957,4946.824416666666
958,54979.89258333333
959,5354.229694215506
960,8475.525204365078
961,9869.088531204909
962,4069.630130952382
963,8022.328253968254
964,27916.703571428574
965,2605.4891408730155
966,61663.070166666665
967,71750.18756493507
968,5404.759904761906
969,43995.87254671716
970,6048.702851731601
971,4747.691071428571
972,6584.884647907647
973,8047.511320707068
974,4709.9580059523805
975,6943.590282647904
976,38437.90583928572
977,4586.518398809524
978,3370.3534285714286
979,10119.20880357143
980,11419.8661722583
981,9458.481302489176
982,6684.28030952381
983,4724.247594696971
984,7170.629862012989
985,7432.60112229437
986,13581.779726800969
987,5476.126833333332
988,7389.706218253968
989,65784.07556349208
990,5880.587527777776
991,2555.952664682539
992,55602.91773809523
993,6822.577938672438
994,6355.9624384920635
995,5893.197641594517
996,4517.041142857142
997,50556.83427380952
998,7505.973308441561
999,5612.094650793654
1000,9892.827749999999
1001,1633.181138888889
1002,52534.40164880953
1003,5559.797325396824
1004,10974.432154761902
1005,66083.08368253965
1006,9239.478557539685
1007,51817.0
1008,7716.18842099567
1009,6325.046740079365
1010,10143.236526334776
1011,52287.0
1012,9695.486990079364
1013,4558.752403499277
1014,52947.36979166666
1015,2383.9255555555555
1016,4508.337311688313
1017,7394.400320707073
1018,6425.250793290041
1019,6463.748152777776
1020,5428.238529761907
1021,5744.2224517704535
1022,6678.529943542571
1023,6151.18956367244
1024,3861.445617285492
1025,63761.02919841271
1026,5055.155599747473
1027,6757.696932900434
1028,5763.199942460318
1029,8809.906575396824
1030,38157.447916666664
1031,2765.9137994228
1032,7362.573025793653
1033,64662.86979761906
1034,6975.722767857139
1035,5009.799492063492
1036,12502.342361430232
1037,6000.380297438671
1038,2379.988666666667
1039,5384.66442857143
1040,58279.352812229416
1041,5323.804435425687
1042,5560.380827380953
1043,9948.481373015873
1044,3838.18882900433
1045,50046.11443452381
1046,31531.522464285717
1047,6446.063096500726
1048,59133.08278661614
1049,5811.094922619049
1050,56508.89516666667
1051,7305.987234126983
1052,48207.74828571428
1053,38239.774666666664
1054,5381.803616341993
1055,57497.65317460318
1056,5068.496456349207
1057,12570.440074675324
1058,56079.641749999995
1059,4770.180126623377
1060,4443.767159271284
1061,75326.87405862195
1062,57166.19741666667
1063,6720.377093795093
1064,47046.88356547619
1065,6117.342017857145
1066,4031.055414141415
1067,4122.666924603176
1068,2597.6654503968252
1069,57453.48093452381
1070,4013.326547619047
1071,38982.508968614726
1072,61039.25566071428
1073,74542.74337355702
1074,41525.05478174603
1075,56491.296561147195
1076,4025.4138690476193
1077,6333.752294552672
1078,64953.95724801586
1079,7255.507182539684
1080,7635.81998674936
1081,3198.962785714286
1082,7556.184193542568
1083,4608.273826659452
1084,39388.281089285716
1085,6223.248576895326
1086,17596.31712409813
1087,6624.382839285714
1088,32831.39152777778
1089,5041.8593988095245
1090,3790.002736111111
1091,2196.9521805555555
1092,5908.992670093796
1093,4918.446575036076
1094,6917.401323412696
1095,7642.754192099565
1096,4498.940322691198
1097,2633.5277806637814
1098,6319.051916666666
1099,9453.503941197692
1100,7598.866105158731
1101,5130.300716727717
1102,52428.30821428572
1103,51429.59283333333
1104,5949.0
1105,73444.6008712121
1106,5280.55232142857
1107,5078.89882936508
1108,41381.73137932901
1109,4071.5508650793636
1110,4445.054972222223
1111,6387.952980158733
1112,7214.531785714282
1113,6705.33793452381
1114,5564.1264235209255
1115,47410.51460714286
1116,59017.51539520201
1117,5245.3314861111085
1118,63967.3295
1119,8050.059761544015
1120,56453.53176190477
1121,5064.6811076007325
1122,45600.464833333346
1123,12679.8751547619
1124,23999.97333333333
1125,2589.828341269842
1126,54431.15265873017
1127,7508.069097041846
1128,1934.039738095238
1129,42184.150759920645
1130,47338.56193253969
1131,10436.02451190476
1132,8043.5885245310255
1133,53642.68763888889
1134,51063.348
1135,6363.538150793651
1136,8490.545466269845
1137,42583.736666666664
1138,11820.977958333338
1139,11588.565440836945
1140,6219.071809523813
1141,7515.3928353174615
1142,36770.5917948718
1143,7542.464136904762
1144,5466.818003968256
1145,6337.743341269839
1146,3163.842858585858
1147,8164.147446428571
1148,2233.8867936507936
1149,4422.600232142857
1150,4024.5323333333326
1151,2561.4072979797984
1152,2698.7265530303034
1153,6115.134355158729
1154,24634.344210317457
1155,64943.64862698412
1156,12386.041138888888
1157,3817.5037399267403
1158,6078.087136904764
1159,51766.02863690473
1160,10092.299349206347
1161,4139.923426948051
1162,66875.9810952381
1163,14422.452420634918
1164,6698.86310209235
1165,7108.4675595238095
1166,51812.35
1167,41888.179136904764
1168,2056.2344900793646
1169,56588.0
1170,71529.4359949495
1171,2115.558805555555
1172,4737.548761363639
1173,45123.55325000001
1174,5394.212804292931
1175,2408.3109246031745
1176,7896.104531746033
1177,6567.699922619049
1178,6184.975622113997
1179,8967.047648809523
1180,76164.1153088023
1181,5322.0575
1182,5419.157762806637
1183,5895.518545634919
1184,6828.381736111111
1185,6378.680273809521
1186,14375.922034271285
1187,11365.096345598851
1188,18494.73069001832
1189,2428.6170357142855
1190,51045.866007936515
1191,3793.433555555557
1192,14584.1032281746
1193,54957.73828571429
1194,60455.564802489185
1195,54903.244244047615
1196,13301.419674242425
1197,4269.695471667221
1198,39551.323333333334
1199,12901.382295454543
1200,2464.6981289682544
1201,2957.720742604617
1202,4690.581623376624
1203,4141.315886904763
1204,14346.95701388889
1205,5777.891160714285
1206,3201.8484339133092
1207,4486.273851551227
1208,12521.957349206352
1209,4862.7890932539685
1210,2901.4219826839835
1211,6988.7756190476175
1212,4788.71884054834
1213,7334.583515331888
1214,10932.738116702742
1215,3383.135055555556
1216,11613.45122619048
1217,5478.189708333334
1218,2728.5930773809523
1219,6262.555434523808
1220,6548.439517857142
1221,6712.032061507937
1222,4440.046896825398
1223,3841.505984126983
1224,6369.61348611111
1225,3839.452746031746
1226,12772.928706349208
1227,5931.981148809523
1228,4740.42925595238
1229,5481.227191378067
1230,3167.687938672439
1231,5979.334445165944
1232,62212.87357936507
1233,11874.878098124098
1234,36828.24733676047
1235,6448.904059523811
1236,7109.628638888891
1237,58183.33733333334
1238,8101.111799603175
1239,3697.6588273809525
1240,38102.875
1241,5989.432271103898
1242,6213.615328823956
1243,4906.294013888887
1244,7737.578675144299
1245,64996.03809451662
1246,12060.41231601731
1247,2227.1481964285713
1248,57696.74539141413
1249,16521.42483982684
1250,2649.5332757936503
1251,10106.423917207792
1252,46153.57866666667
1253,10526.016615079361
1254,27010.738920634925
1255,7183.121825396824
1256,8185.503871031746
1257,38925.86634325396
1258,45912.34676984128
1259,5336.045926046175
1260,3432.5588273809517
1261,5237.597355158731
1262,5741.728591269842
1263,3134.5906150793644
1264,4760.314847222222
1265,4492.558136002887
1266,6708.6339087301585
1267,3613.913492784993
1268,6351.317841450215
1269,11947.304262806636
1270,7426.710269480524
1271,5273.52271031746
1272,4227.346059523809
1273,53951.14666666667
1274,24520.982388888886
1275,58646.02656150792
1276,9962.053237373739
1277,7654.74366651404
1278,36619.90888888889
1279,4288.189914682541
1280,2732.9987521645025
1281,50859.98923214286
1282,6256.616829365081
1283,73588.0402576035
1284,11709.572763708511
1285,6197.291471320347
1286,4568.288988095237
1287,6768.517037698412
1288,7420.524668650793
1289,52558.36624242425
1290,6363.264612193362
1291,4848.139930555556
1292,2583.3458154761906
1293,2534.5691924603175
1294,70718.20712698414
1295,3668.7231448412685
1296,5164.911255952381
1297,41268.71566666667
1298,55287.06447619047
1299,68112.5625
1300,4684.515605158729
1301,5315.98413961039
1302,5162.129777777779
1303,9986.254049783553
1304,3997.565123015873
1305,55497.68416666666
1306,8467.91420238095
1307,4600.606946428572
1308,42521.61
1309,6014.1231636002885
1310,4895.56699801587
1311,6768.6660631313125
1312,8481.055599927851
1313,4208.927815295816
1314,8953.368184523812
1315,18305.363017857137
1316,13128.78239087302
1317,4735.69850595238
1318,3806.332089285714
1319,5816.151704365079
1320,2626.9800932539683
1321,38272.16284090909
1322,24611.201710317455
1323,59040.89325
1324,50087.82802380952
1325,52569.81633333333
1326,3287.700222222222
1327,13366.10053571429
1328,8692.608023809524
1329,12247.948617979244
1330,2788.1844003496503
1331,5006.853712301588
1332,8962.588682692309
1333,14467.556969627594
1334,5089.815071428572
1335,7853.98739357864
1336,15067.402452741708
1337,8008.922839285715
1338,14796.87313615551
1339,73715.70252777779
1340,5335.035587301587
1341,57941.260194444476
1342,2484.672297619047
1343,2773.3009146825407
1344,56306.7940952381
1345,12564.316391774892
1346,6527.204686868687
1347,18158.139269119773
1348,4201.9597599206345
1349,7526.98891576479
1350,44280.0
1351,44227.8339325397
1352,2727.3305
1353,2067.2558412698413
1354,4217.059583333334
1355,4555.9359157647905
1356,8875.68986904762
1357,7957.87404761905
1358,6298.28989213564
1359,2904.6576666666665
1360,2413.931172619048
1361,6402.9293333333335
1362,56244.016654761916
1363,8743.616458333334
1364,2971.0503869047625
1365,50866.06804166668
1366,4134.721174603174
1367,53367.84142261906
1368,6627.672817765565
1369,25187.777541486284
1370,2195.049492063492
1371,8433.506380952384
1372,6544.594831252083
1373,74576.07990873017
1374,6940.928386904765
1375,9062.286049603172
1376,3342.3511984126985
1377,6992.873048520922
1378,8198.677406746034
1379,7488.296408008656
1380,11911.705794552667
1381,2667.8279081890323
1382,69241.44881331168
1383,56085.69115277778
1384,5175.885311507937
1385,3404.8529742063492
1386,57709.95755555555
1387,5243.075263708514
1388,51421.235595695965
1389,9924.551410173157
1390,5548.673785256413
1391,5661.927121031746
1392,11499.684381576757
1393,6809.800164141415
1394,3075.0343571428566
1395,38595.60600000001
1396,41668.39177777778
1397,24689.89141865079
1398,46923.66188690476
1399,4462.217746031746
1400,32741.673892857143
1401,4581.280974567098
1402,51217.84573881674
1403,61982.95897619047
1404,49999.643400793655
1405,5298.246760101011
1406,5089.001240079365
1407,6175.823739163614
1408,8057.33612319625
1409,70159.28097817463
1410,8536.777673881674
1411,4400.673160714286
1412,55702.72514971139
1413,2137.1898055555557
1414,44280.0
1415,4915.315218253966
1416,12345.856188852817
1417,11062.029573412703
1418,1640.4657063492068
1419,30069.90137698412
1420,4746.021238095238
1421,7968.367994810746
1422,5493.559464466091
1423,10952.077355158732
1424,4911.033728174602
1425,4391.550377164502
1426,8850.719390873013
1427,12800.13975974026
1428,5140.089268759019
1429,64029.126817099575
1430,13068.465498015876
1431,3640.7945323149074
1432,6038.978557539683
1433,55389.7135
1434,3828.402502886001
1435,56820.76127380952
1436,39639.735315836944
1437,7650.3993288239535
1438,9620.828696428569
1439,3321.2436190476187
1440,11632.933976731598
1441,52476.24203896104
1442,3357.3670921717157
1443,6319.103295093796
1444,2931.9095515873023
1445,5033.642087301586
1446,6734.2555773809545
1447,8021.9400615079385
1448,4883.094658730157
1449,54441.62377579364
1450,5965.917083333334
1451,2456.4722936507937
1452,7531.688087329338
1453,73252.64354761905
1454,3811.100786796537
1455,6041.883304653677
1456,4724.780387445888
1457,60260.0
1458,13315.872799603174
1459,3684.7914365079364
1460,42939.35682142858
1461,59210.65614898992
1462,12067.042607142857
1463,4202.0793968253965
1464,6028.687267857143
1465,7057.259543650796
1466,38102.875
1467,5141.355411255411
1468,76329.39775072147
1469,67210.8189498557
1470,11654.475545454543
1471,12004.918140873015
1472,7141.090768398269
1473,5774.610470238095
1474,5406.802956709956
1475,4815.225049603174
1476,2410.4909837662335
1477,46203.67333333334
1478,6173.614204725832
1479,6048.09555122655
1480,7746.554799603176
1481,9277.905059523808
1482,18120.24762878787
1483,2470.305737914863
1484,2359.238807539682
1485,5080.866595238094
1486,6054.621975288601
1487,14403.239704004329
1488,6482.866289682542
1489,10927.562811507936
1490,1809.9489841269847
1491,5653.136029761905
1492,6897.5972247474765
1493,5929.131332972583
1494,8722.089976190475
1495,3519.3056309523813
1496,50346.701023809524
1497,54376.31570634921
1498,6505.750740079366
1499,4993.811684509935
1500,61317.271393759016
1501,13638.570850108234
1502,7287.615613095234
1503,4451.161873015873
1504,6396.462884920634
1505,5971.141833333332
1506,57362.31971626985
1507,64198.22113888888
1508,6065.182083333332
1509,8554.188912698412
1510,60976.20244642856
1511,6910.991319444445
1512,19950.159229437235
1513,4816.153428571429
1514,3349.3275
1515,4541.49950595238
1516,4655.010361111113
1517,67302.18819444445
1518,56743.673123015884
1519,1603.4003253968256
1520,14472.748386904765
1521,5442.709370670995
1522,2740.5161836219336
1523,4321.41138888889
1524,67990.66609325398
1525,58360.65681746032
1526,3024.768299603174
1527,3583.6126984126977
1528,12848.987906746028
1529,4244.554957251086
1530,70314.26063888885
1531,58962.510833333334
1532,5236.284605158732
1533,2545.8156607142855
1534,24085.696976190477
1535,51770.91266666666
1536,5697.346938492065
1537,8967.875757034633
1538,41562.31625
1539,10089.568396825398
1540,4728.540801587302
1541,49725.0
1542,5262.768856782109
1543,2430.40846031746
1544,3510.5856893939385
1545,12717.43454563492
1546,41443.47675
1547,41732.93622420634
1548,5786.4565833333345
1549,60270.358
1550,1797.3425
1551,4687.1593571428575
1552,6496.205289682537
1553,8776.034500000002
1554,5440.705595238093
1555,53456.08813095238
1556,7019.755095779222
1557,50753.536076839824
1558,24687.75301190476
1559,5145.976140331891
1560,4836.008228174604
1561,7848.477902777775
1562,60578.31
1563,4834.597023809523
1564,11966.28558333333
1565,3335.8044027777773
1566,7199.646321428566
1567,6142.357006673883
1568,6474.215853174601
1569,6118.664345238097
1570,58160.57816666667
1571,6441.082676046174
1572,6840.823920634922
1573,56187.19406746032
1574,55363.76736111111
1575,8275.066533549783
1576,52314.92139285714
1577,6353.928079545452
1578,7568.340857142858
1579,5413.018966269843
1580,52168.29035714285
1581,46603.17807142856
1582,8798.580668650793
1583,2141.8375328282837
1584,5249.339109890108
1585,51492.95849999999
1586,4918.375272727271
1587,50272.192
1588,67209.77846825393
1589,65968.14477777776
1590,5042.6078273809535
1591,6184.799982864357
1592,46052.734376984125
1593,3739.9404861111125
1594,11715.515936507942
1595,7263.033026875903
1596,5137.99130952381
1597,5457.303853174604
1598,3264.3665723304484
1599,6129.103523809524
1600,5458.304236111109
1601,8865.774515512263
1602,6865.138587301589
1603,11459.948566197694
1604,4516.691007936508
1605,4354.424461580088
1606,6193.056436507936
1607,7660.91916215729
1608,9096.863717532464
1609,4162.582921578422
1610,55515.13743253969
1611,6458.764928571428
1612,8994.775213023087
1613,5951.462754329008
1614,10649.429137806634
1615,9894.714416666666
1616,10236.290742063498
1617,7148.646591630594
1618,15635.89100811688
1619,4979.347083333333
1620,44047.18833333334
1621,6116.78644047619
1622,65895.38569047619
1623,61147.3283207071
1624,9940.071127164498
1625,2348.208200577201
1626,39125.90033333333
1627,3903.4200575396812
1628,17856.613047619045
1629,43620.24325
1630,71240.49669047618
1631,70578.58290692643
1632,1958.667205377956
1633,5135.412098748474
1634,38052.36
1635,5497.355788961041
1636,7058.240656746032
1637,5944.423633297254
1638,52198.64
1639,52421.21208333333
1640,6857.533753968252
1641,4032.852073412698
1642,4765.0718075396835
1643,5292.210944444444
1644,3030.134642857143
1645,60231.48820598845
1646,6365.716607142856
1647,1660.91583531746
1648,7981.593072691199
1649,43566.78203968253
1650,56523.76193849203
1651,3565.93489411977
1652,54811.136555555546
1653,57696.41483116885
1654,8306.759220057718
1655,72036.90911904763
1656,6523.38184866522
1657,14762.472087301589
1658,8850.601345238096
1659,3452.545195165946
1660,9315.74856240981
1661,8142.772938492065
1662,60379.554285714294
1663,67931.77212896824
1664,6004.4825706654465
1665,75949.15437698415
1666,22212.13200793651
1667,5165.1837267316005
1668,2440.9443412698415
1669,60396.0
1670,12206.980603174605
1671,10040.813503968257
1672,4533.205952380952
1673,60389.86633333333
1674,40109.88920833333
1675,52016.58271626984
1676,6938.339753968254
1677,6039.931127344878
1678,4943.413277777777
1679,6351.115906926409
1680,55448.416
1681,49558.130999999994
1682,15511.904168650784
1683,7244.334378246754
1684,5932.049744769121
1685,45076.88166666667
1686,4387.465819444444
1687,42577.692261904755
1688,50325.283234127
1689,2463.9507500000004
1690,4708.270359126985
1691,4686.412438492064
1692,13641.241593253962
1693,44798.71468452381
1694,7126.340427849928
1695,7857.759907814411
1696,10051.059904761903
1697,55201.6634265873
1698,10970.701694805197
1699,42237.088583333345
1700,4188.842083333333
1701,49583.88166666666
1702,8962.681602994226
1703,8085.680851190479
1704,5336.441827380954
1705,4988.745271825395
1706,6479.035595238095
1707,67014.27940079365
1708,5970.370284271286
1709,8694.771918109665
1710,8367.060779761909
1711,2874.5493511904774
1712,13465.678380952375
1713,6382.010341269841
1714,6180.924898809524
1715,6311.2692976190465
1716,4731.471763888889
1717,5950.4175
1718,3809.0522440476198
1719,11274.4174301948
1720,6359.562342532466
1721,4785.390755952382
1722,62179.185875
1723,44280.0
1724,10495.530459595955
1725,4356.893559523809
1726,22140.0
1727,15924.576700036074
1728,5476.063527777778
1729,7570.701694444445
1730,45588.3630952381
1731,8597.76317965368
1732,3101.3980833333335
1733,59013.985238095236
1734,50118.666977272704
1735,2179.5032777777783
1736,2402.658356684982
1737,5268.554267857142
1738,15529.448037698408
1739,55794.755162337664
1740,45559.47374404762
1741,49451.07961471862
1742,14771.939244047615
1743,60305.999333333326
1744,7813.527553571433
1745,4822.459992063492
1746,61771.19705158728
1747,55048.45829761904
1748,6114.417615079366
1749,53221.44346428572
1750,9697.279354437233
1751,3872.144369505494
1752,11594.499
1753,38601.25520238095
1754,70279.09796187146
1755,10854.200542748917
1756,2430.210073412698
1757,6316.603638888889
1758,50702.08763095238
1759,10744.007407647907
1760,6447.620332792207
1761,3712.5117146464654
1762,1682.047363095238
1763,12475.803000110998
1764,5406.994009559883
1765,55592.7794047619
1766,69027.7250633117
1767,2787.9577738095245
1768,2593.860511904762
1769,6366.741080808084
1770,5080.964478174604
1771,4089.3991899350654
1772,53823.98236958873
1773,4996.285045815296
1774,55919.443793650804
1775,4486.305213383839
1776,5552.084488095238
1777,4288.486589285715
1778,47823.62914087303
1779,5015.847996753248
1780,45184.862875
1781,5081.768339285715
1782,3173.104618145744
1783,51674.89969047619
1784,5199.62592261905
1785,45908.617999999995
1786,62548.265042388186
1787,46839.60116179653
1788,4002.092344336218
1789,7913.839166819292
1790,11408.915882326004
1791,59683.74191233765
1792,4522.204361111113
1793,2036.0237976190476
1794,14062.626076187704
1795,55679.25509126984
1796,7306.958029761905
1797,64215.42959090909
1798,11944.99518867244
1799,7627.941096320346
1800,53073.557137085125
1801,5993.04631547619
1802,9817.799478896104
1803,4395.038327380953
1804,3914.22056547619
1805,63106.51787103178
1806,51534.9721845238
1807,9761.997014957265
1808,5517.988525072149
1809,45312.875
1810,60260.0
1811,49917.81913690476
1812,5135.210394841271
1813,5254.225132478631
1814,3952.0716329365077
1815,63315.30029274892
1816,43506.293797619044
1817,7439.859424603175
1818,7359.400497294372
1819,59302.62133333333
1820,3232.5461230158726
1821,2333.300166666667
1822,77191.7769920635
1823,54145.97550000001
1824,49883.624
1825,55515.664030303036
1826,6617.079654761905
1827,29014.672293650798
1828,1604.637319444445
1829,7961.619144841271
1830,4440.954950396825
1831,6163.657220238096
1832,63212.538494047614
1833,5673.8401590909125
1834,65997.01592225829
1835,4722.455827380952
1836,6647.272065476191
1837,6261.610352092352
1838,4515.817237734488
1839,41231.9395436508
1840,5993.009730158731
1841,6055.065214285714
1842,7870.449876984128
1843,5968.422659423908
1844,5387.455888888889
1845,5357.6432936507945
1846,4848.217202380953
1847,2124.8064785353536
1848,55319.66950396825
1849,6096.064514971142
1850,10280.326720238094
1851,62218.15499693361
1852,3647.560763888889
1853,4855.428654761905
1854,6192.364773809523
1855,4675.448986111111
1856,4099.953990079364
1857,63159.34682575757
1858,1915.9999345238093
1859,4912.288851190476
1860,7137.453077380953
1861,4845.013363095238
1862,73363.10039069269
1863,53103.466563492075
1864,20728.351000000002
1865,45314.81475
1866,6199.715495490619
1867,55449.130379689756
1868,56288.902
1869,58182.943856060636
1870,6130.211753787878
1871,3649.764031746032
1872,5540.140990259741
1873,27901.350466269847
1874,10970.318513888891
1875,22145.851428571426
1876,53164.570168831175
1877,11657.591684523812
1878,7513.157067460315
1879,6446.446138888888
1880,10683.512365079367
1881,6576.6163750000005
1882,4805.841696428571
1883,6014.9682997558
1884,7717.998847582969
1885,3075.2366507936517
1886,65971.57534920635
1887,41992.19125
1888,8622.451136904761
1889,3209.452461968587
1890,56691.05916666667
1891,6120.867578463205
1892,6302.152583333333
1893,6063.223287878788
1894,52025.93234523809
1895,12868.494867784993
1896,6160.29975198413
1897,6059.414615079364
1898,2942.725547619048
1899,60402.33416666667
1900,4039.5863750000003
1901,24297.16166666667
1902,5762.616492784992
1903,6724.302791666667
1904,6496.294634920635
1905,4914.472672619047
1906,62477.10001388887
1907,36442.6251765873
1908,7084.9701051587335
1909,7386.466602453102
1910,23650.375555555554
1911,5831.069101010101
1912,6516.520716810968
1913,6591.709022727272
1914,3978.961722041848
1915,47626.23125
1916,4416.366011904761
1917,4455.214742673992
1918,7046.814903138528
1919,5765.13236309524
1920,38099.0
1921,6632.256678571429
1922,3457.493770743147
1923,12401.334484126979
1924,61892.72096428572
1925,6560.684786255412
1926,5728.3015324675325
1927,6089.532416666667
1928,45835.621
1929,4761.712866425243
1930,9762.097904914532
1931,7139.629477272726
1932,50613.73359920636
1933,45848.0525
1934,4960.592408730158
1935,55395.97997222223
1936,5463.040388347763
1937,2712.685822510823
1938,50410.92341666668
1939,3388.7775595238095
1940,8272.477470238098
1941,51515.56860119048
1942,8787.916465728711
1943,13461.176951298701
1944,58702.8115079365
1945,1567.2218154761906
1946,6063.934895770897
1947,55465.67333333334
1948,4001.7943755411256
1949,14741.871391483517
1950,50962.27948611111
1951,2918.509930014429
1952,58985.61633333334
1953,2670.2171984126976
1954,60396.0
1955,3115.4501666666674
1956,8589.942942821071
1957,56686.931269841305
1958,7689.117409090911
1959,20837.605166666668
1960,5341.91298809524
1961,12979.51729365079
1962,11601.27706259019
1963,2353.3795
1964,4074.8543187229448
1965,60376.190761904756
1966,61750.07840079365
1967,4952.0
1968,11615.8257202381
1969,6329.799843253968
1970,4458.570311688312
1971,5801.001654761905
1972,4320.663065476191
1973,5437.894404761905
1974,4776.1044540043285
1975,6064.231761904762
1976,28555.039785714285
1977,24285.872797619042
1978,6209.851267857144
1979,4292.03202777778
1980,6150.802708583083
1981,4708.349321428571
1982,66681.99784884561
1983,44403.170999999995
1984,5787.355276875901
1985,60949.008363095236
1986,3975.2078084415566
1987,4588.628334235212
1988,7108.28081277056
1989,3822.8345238095244
1990,65171.72166666666
1991,53837.36573214286
1992,2904.7923968253967
1993,7875.431470848594
1994,5148.455365079364
1995,59404.37785317461
1996,11895.59987319625
1997,82938.616784632
1998,3610.098577922077
1999,42427.679851190485
2000,4248.774125
2001,55516.0236547619
2002,6886.263009379509
2003,8153.781872113995
2004,65881.9954419192
2005,12008.377109668108
2006,7259.33928264791
2007,6849.949853174605
2008,1732.0249285714285
2009,41285.83375
2010,2882.659389430015
2011,60074.822666666674
2012,4613.348108405483
2013,5786.7308787878765
2014,9878.22540079365
2015,56008.409232142876
2016,4993.017874847374
2017,2491.5878313492067
2018,4440.452632936509
2019,6598.237571428572
2020,4667.757039682538
2021,5383.2567361111105
2022,61931.02372619048
2023,11503.268125000002
2024,50267.435486471855
2025,2938.96208531746
2026,10904.492615079365
2027,2623.6132765151515
2028,57543.88536111111
2029,7297.7161230158745
2030,4412.4758908730155
2031,6474.432240079365
2032,31562.420511002885
2033,2501.7936746031746
2034,63852.645960678215
2035,13950.540015692637
2036,4300.924829545455
2037,7812.399185064936
2038,6302.997630952381
2039,67763.37499999999
2040,53021.00260714286
2041,5815.969775793653
2042,6266.175712662341
2043,5261.14588618326
2044,5823.0152301587295
2045,3822.190785714286
2046,3668.2994325396808
2047,12408.276287698414
2048,5022.904020743144
2049,6303.241727092353
2050,17310.442323412703
2051,48673.402996031764
2052,13548.820039321792
2053,56284.05791666665
2054,11098.571656204904
2055,3021.21305952381
2056,52625.72232142856
2057,51817.0
2058,6582.158810425687
2059,51829.18725
2060,9689.179773448774
2061,6312.41744108669
2062,5168.7121626984135
2063,11936.012196428568
2064,6451.916666666666
2065,75110.12884704185
2066,12862.297333874454
2067,5395.738224747474
2068,3668.6946845238085
2069,6429.738333333334
2070,2238.4665416666667
2071,38030.22
2072,14350.466680735943
2073,6175.549666666668
2074,8967.829354978356
2075,2679.276972222224
2076,7927.008381493506
2077,6863.767075937948
2078,5844.131214285714
2079,43142.76383134921
2080,6750.796858946609
2081,6571.879263888888
2082,56599.31402182541
2083,81185.24144642861
2084,6110.416845238094
2085,50552.47221428573
2086,6451.801666666666
2087,20619.874674603165
2088,5035.726160714284
2089,6903.368632034635
2090,53100.36
2091,8258.312202380952
2092,4716.770158189032
2093,3785.013765512265
2094,73110.64007936508
2095,3715.5711329365067
2096,6940.407341269842
2097,7593.7689484127
2098,6341.8400436507945
2099,6252.60491559829
2100,3992.116666666667
2101,5507.205081349206
2102,55384.47635317461
2103,6102.423821428569
2104,55126.5108888889
2105,5061.315793650795
2106,3771.187194083694
2107,6072.654258838384
2108,3481.604535714286
2109,2504.31948015873
2110,49275.43083333333
2111,28411.092285714283
2112,5854.722869658119
2113,2464.916164141415
2114,4507.143125000001
2115,56956.967189754694
2116,3074.1097467532463
2117,7445.649077380953
2118,6152.836907467531
2119,71376.1519191919
2120,11524.737200216448
2121,5793.659581349205
2122,8746.596043470423
2123,55030.75536904761
2124,7096.16642965368
2125,6812.274958333329
2126,47441.800202020204
2127,5177.114824855701
2128,4983.866878968253
2129,4473.887607142857
2130,5100.068965728718
2131,5522.315156746032
2132,3684.643323412698
2133,54839.42041502942
2134,6337.988121031745
2135,9526.9735297619
2136,8220.676871184372
2137,5673.706813492066
2138,82276.7131838023
2139,5000.416488095238
2140,61625.14132539683
2141,13878.74026190476
2142,15001.158482933735
2143,44344.005
2144,51414.80398809524
2145,8381.712904401158
2146,45951.533166666675
2147,4410.548646645024
2148,20684.0
2149,13903.831918650787
2150,6976.188945707071
2151,6674.671875541125
2152,67772.78534848483
2153,4434.252313311688
2154,61712.27766666665
2155,6499.638975288599
2156,13719.409549603182
2157,54811.52057936508
2158,10633.962886904763
2159,55178.10061111113
2160,6046.323246933621
2161,7832.2869503968195
2162,5586.512484307356
2163,7999.045823412696
2164,56694.87925595238
2165,13272.245675685423
2166,38002.35220238095
2167,2046.5898888888887
2168,39392.7375
2169,5877.800902777776
2170,66701.30422222223
2171,4288.113822150072
2172,3171.482617063493
2173,5573.9742954545445
2174,3935.3405862193376
2175,7472.542128968257
2176,5184.179634920633
2177,4165.391720238095
2178,7203.158493506497
2179,7046.8784900793635
2180,65329.366660714295
2181,22210.3715952381
2182,10733.93541522367
2183,42834.59553481242
2184,45814.54857449494
2185,10353.339619588742
2186,6656.446212301588
2187,10851.805896825395
2188,4584.356006673882
2189,62807.39314087303
2190,7336.5529027777775
2191,81872.10192207788
2192,68920.78161111115
2193,6981.205979617604
2194,12571.264513888886
2195,5617.019873917749
2196,3378.4758605699835
2197,15394.57564484127
2198,8838.185549242424
2199,9396.301107142857
2200,7244.067871031747
2201,49967.34440476189
2202,4324.464460317461
2203,6449.392192460316
2204,40513.09013095238
2205,13381.234757936507
2206,9915.838288961038
2207,1742.0277857142855
2208,7584.594516233766
2209,4536.164363095238
2210,5381.34147005772
2211,67066.34875
2212,5651.433095238097
2213,5251.663136904761
2214,66081.11148015872
2215,3419.778452380953
2216,5118.832297619046
2217,2528.5354464285715
2218,9898.284952380951
2219,12139.11987806638
2220,6805.653005952381
2221,37553.19761688312
2222,5859.188549603173
2223,5958.021499999999
2224,6687.134482142856
2225,5281.380432539681
2226,5313.672
2227,6202.372297438673
2228,5178.365924422798
2229,53519.34835714286
2230,10930.4329702381
2231,10643.763386904759
2232,3759.88688095238
2233,4229.532863636363
2234,5557.634490079367
2235,6273.162733044734
2236,6915.762049603176
2237,5891.179458333334
2238,13006.335196428578
2239,5529.297942279943
2240,6011.857669913419
2241,2930.0778730158727
2242,49727.63
2243,53342.7258452381
2244,7003.270634018759
2245,4078.195851190476
2246,23367.8875
2247,13807.172687298815
2248,65575.16282142857
2249,32087.868960317457
2250,7107.041625541126
2251,49686.141444444445
2252,8736.492180555555
2253,1974.2989880952382
2254,3600.6447204184715
2255,2743.2463510101024
2256,6531.523742382621
2257,3370.5007905844145
2258,3496.1178670634913
2259,3914.0340752164507
2260,7973.6203690476195
2261,64048.74048268399
2262,6063.2958465007205
2263,47379.38466666666
2264,59378.234666666656
2265,7139.793501443002
2266,5340.659521825395
2267,14228.18306277056
2268,6100.34125595238
2269,54218.414285714294
2270,67162.17432323234
2271,53908.812686507925
2272,4348.546496753245
2273,2453.8554598734595
2274,6176.134369047617
2275,7874.033307900433
2276,5063.277587301585
2277,53449.147214285724
2278,4867.506968253967
2279,5123.579958874458
2280,61876.93188888889
2281,51831.28
2282,4168.6791760461765
2283,4408.741833333334
2284,5844.804346861471
2285,4074.0793897907633
2286,2497.640675158176
2287,13199.39005877456
2288,4451.3152480158715
2289,5794.534579670332
2290,11478.360176406924
2291,55062.315
2292,5398.106306277056
2293,62970.70682738093
2294,36374.14633928571
2295,8700.410286796536
2296,39369.32965476191
2297,73935.6045873016
2298,4076.200448412698
2299,41796.53823015873
2300,22163.13
2301,6761.5125739538225
2302,5703.258384379509
2303,1769.2265753968252
2304,2373.664464285714
2305,6048.030476190475
2306,2905.7738829365076
2307,5280.917177669555
2308,50130.31291666667
2309,47612.20714880952
2310,6255.602976190476
2311,1750.675380952381
2312,6319.537062229438
2313,4770.486164682539
2314,4349.874759920636
2315,3228.7479166666667
2316,10801.530607142857
2317,6167.338633116883
2318,3989.5128611111118
2319,52352.36071825397
2320,53662.99135912698
2321,48479.92220833333
2322,5002.006358405483
2323,5182.169339285713
2324,46703.31333333333
2325,8018.392054334557
2326,26955.001712301597
2327,56283.04972023811
2328,6195.533373196247
2329,5941.488924963925
2330,8546.690259920635
2331,6121.767240620488
2332,55621.19008333333
2333,5667.902668470419
2334,6530.601997294373
2335,11015.453501803753
2336,5409.50776316739
2337,3052.7391726190476
2338,11264.731369047622
2339,1780.2979464285713
2340,8467.212409271282
2341,5332.846603479852
2342,3366.8276547619053
2343,60902.00005357141
2344,5480.755520382396
2345,45739.17641666667
2346,3884.0151329365076
2347,5976.997421703299
2348,15045.153234668118
2349,5482.712158730158
2350,5164.269545329669
2351,6428.001929112554
2352,49691.37666666666
2353,8610.264383699634
2354,56012.24642857144
2355,6676.251913780662
2356,8051.850037698408
2357,53895.98836507935
2358,60048.993439754704
2359,5613.369464285717
2360,6497.486023809524
2361,10108.181837454213
2362,3894.2769529220786
2363,1754.5201010101011
2364,58568.42208333333
2365,52174.56335714284
2366,52589.96133333335
2367,51561.87832539684
2368,6714.970218253968
2369,3493.1529123376617
2370,6084.932172619047
2371,62121.44686020924
2372,5636.128626984126
2373,34536.763985347985
2374,12657.474190476194
2375,3194.3441291486297
2376,5891.63274404762
2377,66003.98991269842
2378,6443.692657738098
2379,6441.96125
2380,52392.13933730162
2381,3196.364724206349
2382,4819.384557539681
2383,3306.0499345238086
2384,4017.614613095238
2385,53869.126470238094
2386,7533.788038961035
2387,5065.991682720061
2388,28476.912916666664
2389,6108.729660714286
2390,6211.271845238097
2391,7510.42048809524
2392,66632.15184126985
2393,51961.70785912699
2394,4304.972333333333
2395,50919.6675218254
2396,2578.0021785714284
2397,59443.61239556279
2398,60728.348285714266
2399,49675.165250000005
2400,3025.2680007215017
2401,11494.410999999996
2402,6632.442762265513
2403,70151.60869462481
2404,5370.314392801642
2405,4147.429259920635
2406,7533.756276515149
2407,7360.677069444445
2408,4293.760154761904
2409,2481.737561507936
2410,15269.745634920635
2411,50180.78392261905
2412,6851.911900974024
2413,6793.771662698413
2414,3851.337321969699
2415,50695.45001731601
2416,6544.021582251083
2417,10114.578439213563
2418,54782.64965476191
2419,7340.252184523813
2420,6571.014484126985
2421,4678.107401515152
2422,19133.777849386723
2423,6919.462912698414
2424,58592.34215277778
2425,62489.552
2426,58983.76123809524
2427,5644.75083053058
2428,5964.204474206352
2429,4850.214986111111
2430,7124.267898809525
2431,41647.491428571426
2432,13809.470516067267
2433,5987.012463383838
2434,57321.16348214282
2435,5512.439889582639
2436,4140.377785714286
2437,3193.392817460318
2438,6451.866777777777
2439,4490.448922619048
2440,4004.3620454545453
2441,3494.1143246753236
2442,2640.4911190476187
2443,68436.32495238095
2444,11029.533484126983
2445,64561.24355555556
2446,49672.64644444444
2447,3892.034654761905
2448,4502.669107142857
2449,6544.046939574315
2450,7994.285309523811
2451,4764.792886183263
2452,5312.830433802306
2453,5169.984494047619
2454,54665.85904292928
2455,4492.209552197802
2456,13242.836089285709
2457,3621.140148809525
2458,5151.513915223665
2459,66712.05791991344
2460,5522.742729256854
2461,51912.014563492055
2462,3964.4701190476194
2463,5949.2625
2464,2111.6436805555554
2465,4585.676043650793
2466,9328.130926587306
2467,6624.6535674603165
2468,8893.281946248197
2469,48307.12556746032
2470,52859.287666847056
2471,7299.637154040403
2472,60178.59666666667
2473,6096.323435786438
2474,13845.470167207797
2475,6221.267513888889
2476,4983.910119588745
2477,1992.1564940476192
2478,2678.4971132756136
2479,8707.483468253966
2480,10623.124610389614
2481,7817.390828463204
2482,42931.331253607495
2483,5920.026142857146
2484,4917.134498917748
2485,4116.922070707071
2486,6279.541997294373
2487,7429.920116522368
2488,4504.385327380953
2489,67059.21624206351
2490,6305.1544047619045
2491,5264.9470972222225
2492,4217.330569444445
2493,6166.333138888892
2494,61982.95897619047
2495,4608.5842738095225
2496,11713.950630952379
2497,2808.1728293650795
2498,3167.4028551587294
2499,5882.448845238094
2500,7751.955909812408
2501,60559.18166666667
2502,4597.913456890332
2503,5388.0094563492075
2504,5730.679181998558
2505,7067.995159632036
2506,3243.496509920634
2507,6172.100257936509
2508,15056.051613095242
2509,44280.0
2510,70492.47469047619
2511,69862.31286525974
2512,4245.98980429293
2513,4269.001559523808
2514,6435.296488095238
2515,62617.652
2516,7729.808079365079
2517,6246.404874278499
2518,6373.7847997558
2519,12678.10232905983
2520,3679.025051767676
2521,54806.792
2522,6447.476037698411
2523,2794.762573412698
2524,63462.56350000002
2525,57862.979761904775
2526,4194.864049783551
2527,56498.10151821788
2528,5427.50178968254
2529,6784.039929653681
2530,20760.0
2531,6279.517697871572
2532,67456.52471356421
2533,7559.846390873012
2534,10752.132503968256
2535,11758.028329725834
2536,6407.826660714283
2537,2655.3926498917745
2538,8591.617970238094
2539,11223.15007967033
2540,56501.75208333333
2541,4650.798958333333
2542,60524.079452380945
2543,60989.2
2544,6732.734489177487
2545,7067.759153860028
2546,49810.596000000005
2547,2483.1763888888886
2548,56476.0
2549,6545.614215548346
2550,5158.7752458513705
2551,45906.99399404761
2552,3257.2496486568984
2553,2621.7322896825394
2554,2648.3579305555554
2555,3957.738803571429
2556,7988.235066558441
2557,50526.82826190476
2558,7271.478531746033
2559,2018.9079791874797
2560,66994.17066666666
2561,6129.820378968255
2562,4157.25145436508
2563,49692.2
2564,11997.774894841266
2565,5461.546235028862
2566,34301.57763095238
2567,49727.85125
2568,4148.958251984127
2569,38517.9025
2570,4173.6402777777785
2571,6096.648709956714
2572,51612.41188167388
2573,60263.89820634921
2574,7616.041876373626
2575,14533.071505952385
2576,71912.78340476193
2577,3790.7327698412687
2578,6470.0297023809535
2579,6470.8932729076505
2580,3045.2421904761895
2581,2322.012930555556
2582,4344.971996031746
2583,5804.192526154402
2584,4464.070486471861
2585,11880.379366883119
2586,5127.184255952382
2587,6842.168749098124
2588,10166.071145382395
2589,60260.0
2590,16130.22944551282
2591,5239.155974206351
2592,5967.516267857141
2593,51993.333261904765
2594,5918.088126984127
2595,12123.445529401155
2596,71668.4866527778
2597,14426.498111111112
2598,54069.34913257576
2599,2733.0536269841264
2600,11780.641410714292
2601,4284.620313311689
2602,11141.989601190477
2603,73264.30007251083
2604,62629.53262698413
2605,4257.013341630592
2606,53415.540013888894
2607,5542.179378968255
2608,5389.738677669554
2609,6011.172319444445
2610,50897.1028015873
2611,56043.96666666666
2612,7657.034971320341
2613,4930.4044069264055
2614,61633.4865952381
2615,8934.243305194805
2616,6298.229470238097
2617,13021.88500396825
2618,49558.130999999994
2619,13246.40876984127
2620,67227.74763293652
2621,58935.68258333332
2622,55058.58334920634
2623,45793.0425
2624,17230.737425144303
2625,59106.19827597402
2626,50006.28607142856
2627,54664.24875
2628,50460.707857142865
2629,4609.779659271284
2630,5312.998333333333
2631,3006.5078529942275
2632,3018.0750833333336
2633,4582.633859126985
2634,78923.63468686868
2635,9829.93518849206
2636,41314.0
2637,7284.240486111114
2638,58311.185654761895
2639,60468.00799999999
2640,4305.679410714284
2641,4654.026978174602
2642,4534.549869047619
2643,7248.915434523809
2644,42077.7365297619
2645,1993.9983142551891
2646,12912.70045634921
2647,9209.890246031742
2648,11016.028190656567
2649,24888.60276190476
2650,76805.54154563491
2651,2910.108058080807
2652,54648.236196428574
2653,6439.2070436507975
2654,5375.390865107114
2655,2528.406930555555
2656,38144.04866666667
2657,10775.696456959706
2658,4696.680230158728
2659,7576.704647727271
2660,15002.34432323232
2661,9550.7349448052
2662,17039.47670743146
2663,50914.78641071429
2664,62393.20860714286
2665,57354.37972619048
2666,11338.33801785714
2667,2569.7523749999996
2668,7037.208851551227
2669,2086.4828035714286
2670,58372.900141414146
2671,5314.778520146521
2672,3520.5709168470416
2673,48842.84029166667
2674,43615.79308333332
2675,51685.63361904761
2676,6161.032011904762
2677,2995.4812460317453
2678,7527.079617063491
2679,9985.044963023085
2680,11703.906689574316
2681,44268.4765355339
2682,54437.129910714284
2683,5698.506787698414
2684,75606.32996626983
2685,5364.188145257522
2686,5889.31168452381
2687,50494.76807233044
2688,48704.24866666666
2689,3182.3610286796534
2690,55541.767795454536
2691,4996.802108946609
2692,40188.526956349204
2693,44241.504666666675
2694,6126.808071428569
2695,43576.55153409091
2696,1947.7755892857144
2697,27929.42871428571
2698,77027.80793978246
2699,5595.7811675685425
2700,3339.1415
2701,47247.3419345238
2702,6441.362373015873
2703,4973.211313492063
2704,6294.658442460318
2705,2435.120373015873
2706,2518.5938432539688
2707,7135.000113206237
2708,6365.3758282828285
2709,4500.84363095238
2710,63631.71912698412
2711,3921.200344877345
2712,55183.2805
2713,62138.26536850651
2714,67019.48171626985
2715,44686.589689393935
2716,3723.2308831168816
2717,4216.903035714285
2718,5631.460182539682
2719,8151.072404761906
2720,4851.8263353174625
2721,6965.568063492064
2722,6323.428942460317
2723,53123.705841269846
2724,3712.4762617243873
2725,8626.35231168831
2726,6071.815807900433
2727,5730.469054292928
2728,60482.16452380951
2729,5852.824091880344
2730,57272.43453138529
2731,11149.06509126984
2732,6172.872521825398
2733,5731.634066919193
2734,11276.926684371181
2735,6758.524222222222
2736,5846.561442460319
2737,10070.548449314574
2738,33037.59928968255
2739,11756.333097222221
2740,4555.490984126984
2741,63873.16866666667
2742,42499.39162878788
2743,13146.952454365077
2744,6987.020075396825
2745,6976.316446428574
2746,4288.629138888889
2747,5239.714684523809
2748,51984.778386904756
2749,8158.925031385281
2750,5953.014950396824
2751,7386.5329186507915
2752,6411.823196428571
2753,78456.146015873
2754,3009.6371493506495
2755,55360.6365335498
2756,2478.964357142857
2757,44286.14699999999
2758,4173.88738095238
2759,71282.93477146463
2760,8655.100172619044
2761,11359.403867063485
2762,6708.091519841267
2763,34189.46894642858
2764,50325.50266666667
2765,6158.518889249636
2766,58021.37811111111
2767,5468.87133531746
2768,4661.387738095236
2769,4511.6561379870145
2770,6740.13634577922
2771,3738.9040764790766
2772,10268.53594426407
2773,4977.57217063492
2774,4334.628698412698
2775,4973.926809163058
2776,4852.868493326119
2777,6830.053007034631
2778,60424.40432142858
2779,6165.365984126984
2780,3068.4004345238104
2781,4687.322458333333
2782,59577.77147925687
2783,3775.495672619047
2784,5732.323700396825
2785,3967.1587261904765
2786,12453.054289682545
2787,9316.958470418465
2788,9867.258091269841
2789,4870.914061507938
2790,49725.0
2791,36635.60607467533
2792,46433.29175
2793,8741.312470238096
2794,4206.91061309524
2795,70841.5051904762
2796,20684.0
2797,6069.64925
2798,62101.46373214286
2799,4565.857438492063
2800,64289.62449098122
2801,75884.15688690476
2802,81578.08790476191
2803,5552.698275793651
2804,11755.91478174603
2805,65921.242
2806,2127.906170634921
2807,5018.557280122654
2808,4598.335307900434
2809,2489.0632539682542
2810,63939.78247348484
2811,4252.705545634921
2812,5902.846000000003
2813,53280.17772023809
2814,2663.984200396825
2815,54545.715281746016
2816,4422.672932900433
2817,41158.27017857143
2818,12501.524218253966
2819,1740.7155959595957
2820,66606.36414285717
2821,6390.21516810967
2822,11935.071336760459
2823,7847.346339285716
2824,10206.120525793649
2825,8445.640956349207
2826,39791.98333333334
2827,10561.821988636364
2828,21115.029569444458
2829,3026.521785714285
2830,65734.07521590908
2831,49285.67167261905
2832,33891.6405297619
2833,9985.457658730162
2834,25126.5993968254
2835,3808.412085317462
2836,3094.020285714285
2837,5941.76784325397
2838,53207.921500000004
2839,5830.818642857143
2840,33739.09000992063
2841,61854.14397312408
2842,8219.764061507936
2843,56836.96551190477
2844,4268.808654761903
2845,42814.152450396825
2846,4136.357261904761
2847,84253.1686111111
2848,4195.16430952381
2849,4864.83578968254
2850,6425.40209920635
2851,6459.501023809522
2852,5920.813192460316
2853,11695.338249819626
2854,2522.081406746032
2855,4456.286150793649
2856,5366.987767857143
2857,11306.317658730159
2858,1206.6027738095236
2859,6982.762738095238
2860,4762.238511904761
2861,8164.147446428571
2862,4605.613767857143
2863,20869.389642857142
2864,4379.3001369047615
2865,7493.356113788988
2866,5116.2753432539685
2867,5627.408611291485
2868,5337.296148809524
2869,12744.091748015871
2870,3457.573666666666
2871,10392.362639083136
2872,4588.462309523809
2873,39397.57865476191
2874,65471.1142070707
2875,9653.755653679651
2876,2617.887138888889
2877,4652.745698412696
2878,3284.2890813492063
2879,24082.83
2880,2124.1925
2881,52759.35916666666
2882,7498.738559523809
2883,4242.445053571429
2884,51842.27625
2885,8516.98414653402
2886,62078.536116522366
2887,3714.0965606060595
2888,3711.48088510101
2889,3561.1826230158727
2890,5955.545
2891,6853.235722222223
2892,57520.19919859309
2893,5023.8935129870115
2894,51118.34061111111
2895,14271.690860750361
2896,5047.507964646465
2897,36918.81960119048
2898,60507.53333333333
2899,3645.6695701659455
2900,5458.06584848485
2901,3501.54000595238
2902,7537.283928571427
2903,5674.607736111112
2904,60260.0
2905,8998.943101190476
2906,6834.140897186145
2907,5090.362597402596
2908,8631.623827380952
2909,46622.412660714275
2910,7429.290446428573
2911,5604.758717171718
2912,50031.09527777778
2913,49511.85683134922
2914,13705.607265873019
2915,58176.148517857146
2916,2292.771015873016
2917,36543.415
2918,6067.65731673882
2919,11395.279402056276
2920,6260.216156746031
2921,2886.1543472222234
2922,6936.247858766234
2923,13574.45419841269
2924,55940.26806150794
2925,11278.245204365077
2926,4128.0883778860025
2927,2416.746513888889
2928,5059.864722222221
2929,5481.153462121213
2930,4293.629683608059
2931,3545.501376984127
2932,6180.438478354979
2933,2196.222735930736
2934,78264.64005681817
2935,2149.3039541847043
2936,5803.288545634921
2937,5832.265721139971
2938,54740.539214285716
2939,12516.270793650798
2940,4939.329311507936
2941,6657.544644660895
2942,10839.858906746033
2943,66948.49528174603
2944,24082.83
2945,5980.069876984129
2946,7996.599747113999
2947,6463.301518217894
2948,5010.044196428572
2949,5908.311307539682
2950,38099.0
2951,44280.0
2952,7236.659482142855
2953,43182.96018849206
2954,3178.9222889610387
2955,8038.79503968254
2956,39023.22675757576
2957,5064.764053571428
2958,6498.450936868688
2959,10124.566248737374
2960,1956.7870694444441
2961,54945.765533730155
2962,56511.481785173164
2963,8484.694664682544
2964,5621.620966269841
2965,5845.170077380953
2966,1944.9767420634919
2967,45034.04166666667
2968,4386.833353174604
2969,9513.437064102565
2970,4160.9207103174585
2971,13322.962865620493
2972,60578.0700726912
2973,59394.846885101026
2974,3910.563299603174
2975,65582.41158730157
2976,5579.16273611111
2977,4525.928218087468
2978,35769.96128571428
2979,60372.237238095244
2980,6351.145333333333
2981,3990.912543650794
2982,29803.064448412704
2983,7762.155637626263
2984,49712.774999999994
2985,7154.192370490623
2986,4766.698779761904
2987,68577.9362224026
2988,11316.161771825398
2989,7124.142380952381
2990,4543.295202380951
2991,47888.32141269841
2992,49669.58610714287
2993,57959.07795634919
2994,10334.780057900436
2995,4007.357591269843
2996,63426.2005952381
2997,10305.30251449939
2998,3020.2667925685423
2999,44349.28881349206
3000,33273.39534145021
3001,5084.970196428572
3002,4615.0933293650805
3003,5949.7875
3004,49316.356459235205
3005,4369.228746031746
3006,5130.793230158729
3007,38263.094
3008,5261.8830550144285
3009,4358.126827380953
3010,2318.3409356893108
3011,33059.2275
3012,4460.5433571428575
3013,6339.495668470419
3014,8010.059920634918
3015,53079.30083333333
3016,52878.53035660174
3017,11245.69815277778
3018,62833.237684523796
3019,72074.9717070707
3020,5227.573702741703
3021,14048.095301587304
3022,5621.754809523809
3023,5436.738220418468
3024,53764.568630952366
3025,2148.492380952381
3026,7686.787473373851
3027,56403.34926190476
3028,6074.3974265873
3029,11552.616831349202
3030,3577.2515515873015
3031,7503.2209047619035
3032,3139.974071428571
3033,5146.899337301586
3034,61208.035837301584
3035,5631.961175324675
3036,4276.170415626041
3037,11347.398544941174
3038,20684.0
3039,11587.641236471869
3040,3658.7464781746025
3041,28879.33856349206
3042,14789.284619047625
3043,6395.642702380952
3044,44338.8
3045,7518.012720238096
3046,5393.892378246754
3047,6166.6565238095245
3048,6208.055976190474
3049,16907.65913870851
3050,8157.36236778499
3051,3096.9979444444443
3052,23949.12281135531
3053,6327.5540753968235
3054,66194.76169444446
3055,4493.885
3056,43255.27098755411
3057,4794.287902777778
3058,48207.74828571428
3059,2865.9466311327556
3060,63714.13421338384
3061,2118.1500714285708
3062,54608.0
3063,63660.01473448771
3064,4279.671343614718
3065,4299.064654761903
3066,6483.6151666666665
3067,58328.01924358974
3068,8314.324466269843
3069,5594.308136904763
3070,5913.619005952382
3071,52005.02386904761
3072,5522.76461904762
3073,6109.518638888889
3074,5510.45880952381
3075,61901.43226785715
3076,4051.7797420634915
3077,38842.77380555557
3078,4579.230023809523
3079,5340.6825
3080,1615.7215555555554
3081,42780.92190602454
3082,6711.609638888888
3083,49726.43446428571
3084,6330.186430555556
3085,17974.069395743147
3086,64099.96335984849
3087,2709.116503968254
3088,6710.597734126985
3089,55534.76500000001
3090,9884.099460317459
3091,53352.07852380953
3092,4006.1500714285694
3093,45537.92591666667
3094,3974.9541111111107
3095,66890.8685726912
3096,5650.990317460317
3097,7555.032334235209
3098,4865.825833333333
3099,54922.41970779221
3100,6323.787426587303
3101,6444.338285714285
3102,49202.15666666667
3103,5260.437278221781
3104,50383.55240873017
3105,3817.5512420634936
3106,14134.874391053385
3107,3921.0989880952357
3108,11415.373527777781
3109,64296.108888888906
3110,4058.8495174963928
3111,6190.172479076478
3112,53142.10083333333
3113,4795.222444444445
3114,6222.208855158732
3115,49725.0
3116,10037.970240440114
3117,3056.8549960317464
3118,22259.73200793651
3119,68135.56177777777
3120,2906.256349206349
3121,42805.62736111111
3122,6860.939293650793
3123,5322.858333333333
3124,9767.436501984124
3125,8337.938427669555
3126,9088.897434523808
3127,6495.483764971137
3128,33016.68167857142
3129,47894.468101190476
3130,5514.69798015873
3131,5451.604613095236
3132,55360.585047619046
3133,7404.9467763347775
3134,7511.673438852815
3135,50037.77796428572
3136,61022.707
3137,4780.068234126985
3138,45737.81416666666
3139,55232.07493199855
3140,3175.9747003968246
3141,3139.1140607448115
3142,6592.037768398267
3143,9559.0755515873
3144,5177.447990440116
3145,6676.531373626371
3146,10581.099936507935
3147,50365.02722222222
3148,7312.2975456349195
3149,14013.35094246032
3150,5872.214771825397
3151,56911.9225813492
3152,7720.521432539682
3153,5466.810976190476
3154,5918.983855519477
3155,51448.888031746035
3156,3751.116112554113
3157,59117.319759559905
3158,6268.992297771673
3159,6788.760140873015
3160,3675.7113769841276
3161,8096.493428571428
3162,6091.33193452381
3163,4859.876880952382
3164,41861.33111111112
3165,45676.95319642858
3166,6051.3637907647935
3167,9287.259964285715
3168,5849.740645743146
3169,62674.42613131313
3170,5623.113753968252
3171,4288.396781746031
3172,50279.87782142857
3173,5581.393666666665
3174,4322.745208513706
3175,2604.0409900793647
3176,18017.551821428566
3177,36142.52477777778
3178,6779.205992424242
3179,55214.045272727264
3180,45179.115701298695
3181,8568.90287608225
3182,64053.59625
3183,66349.68180808082
3184,4322.992075396827
3185,6303.3008818542585
3186,2374.746654761905
3187,57945.96001190478
3188,6533.433095238096
3189,8219.165322691197
3190,23864.764821428573
3191,5379.39375631313
3192,48829.058767316026
3193,58696.99066143578
3194,45061.93344444445
3195,20762.40342857143
3196,8680.376421717174
3197,50653.59659126986
3198,4815.364680555558
3199,6687.957059523809
3200,3419.841166666667
3201,53207.37737500001
3202,42483.015
3203,5001.511368326121
3204,63247.397357142865
3205,25800.953499999996
3206,11395.727746711622
3207,22195.698428571428
3208,5180.646359126986
3209,7017.004210317463
3210,62493.97571428571
3211,6204.191560134309
3212,24083.672809523814
3213,59140.29216666669
3214,4680.7935831529585
3215,9541.106787698414
3216,54088.64616865078
3217,6719.096825396822
3218,57495.401742785
3219,58359.98592424243
3220,60996.946875
3221,5872.571674603175
3222,5249.981299603174
3223,7556.3146984127
3224,7453.562569444445
3225,4700.935099206348
3226,2124.0
3227,3116.3573814935057
3228,6784.811539682538
3229,2927.2129781746025
3230,5107.857694444441
3231,5769.2970952380965
3232,6262.309315836939
3233,5517.255035714287
3234,68888.37775487013
3235,6251.854948412697
3236,14723.23003354979
3237,50310.705
3238,6058.702783008658
3239,6178.597556637807
3240,2514.150970238095
3241,7999.784651334777
3242,6583.642263888889
3243,6809.907429112554
3244,13539.017071428567
3245,69282.05882539682
3246,8704.492029401155
3247,55222.06842857142
3248,55385.47907142857
3249,53040.51983333333
3250,5890.580202200577
3251,74005.6912674964
3252,5986.705998015874
3253,5313.819464285713
3254,5198.541845238096
3255,5138.135571969697
3256,6448.4088208874455
3257,10881.953095238097
3258,6409.461047619048
3259,10824.350402777776
3260,5451.8178055555545
3261,6247.258982142858
3262,54389.74627272727
3263,15613.698464285717
3264,43763.17184722221
3265,5209.277017857143
3266,12623.26370436508
3267,57259.13147619048
3268,5954.49401388889
3269,52577.03035714285
3270,61984.704416666675
3271,8027.582133838383
3272,5845.792549963925
3273,5244.11610407648
3274,42672.10640836941
3275,57302.181541666665
3276,49678.575333333334
3277,3827.547079365081
3278,2982.034859126985
3279,7953.743432900432
3280,5163.834324494947
3281,5008.669036796537
3282,6098.320420634921
3283,2712.6524603174603
3284,6917.793003968255
3285,6983.295345238095
3286,54624.06053030304
3287,49980.906749999995
3288,61522.00107936508
3289,14011.90704978355
3290,12349.153319444444
3291,5790.815188852813
3292,4301.0582857142845
3293,3189.650234126985
3294,6307.163609126987
3295,3702.130404761905
3296,7627.153057900432
3297,67188.16120238096
3298,7996.361679653679
3299,5490.724640873016
3300,6977.383599747474
3301,20823.315333333332
3302,35795.133069985575
3303,7930.979068181819
3304,4233.30059920635
3305,7763.889474206353
3306,50858.51886904762
3307,4235.6048540764805
3308,6592.70159090909
3309,6514.016198773449
3310,5737.747738095237
3311,4494.656821428572
3312,4697.647321428572
3313,54608.0
3314,4009.22542478355
3315,7411.94753373016
3316,13154.599484126984
3317,2387.0401111111114
3318,12704.283500000001
3319,3231.858642857143
3320,34464.01316666667
3321,2588.1532242063504
3322,4734.453771825397
3323,72760.08257683984
3324,5537.202723484851
3325,51670.340226190485
3326,6084.977389249639
3327,6899.677972222224
3328,55471.569111111115
3329,17894.11263095238
3330,4681.868507020756
3331,5165.336657814409
3332,4893.567442460317
3333,43562.57530952381
3334,52272.988059523814
3335,67253.79296825398
3336,50410.819378968255
3337,56471.94067261904
3338,63414.308765873015
3339,38172.16369047619
3340,57622.955041666675
3341,2897.3108273809526
3342,10331.93485714286
3343,41129.76833333333
3344,6121.402384920636
3345,31333.914750000007
3346,8370.810880952386
3347,4736.463138167386
3348,8561.728897727271
3349,41388.32833333334
3350,54783.92533333333
3351,2818.9776257215017
3352,3319.8802420634916
3353,5290.087388888888
3354,37667.59188095239
3355,4544.666095238094
3356,17045.535783730153
3357,5365.190323232324
3358,53711.66004761905
3359,2766.050805555555
3360,5623.200882936508
3361,45906.16125
3362,4543.795365259739
3363,80589.65048611113
3364,5918.453579365079
3365,24072.731666666667
3366,5945.632281135531
3367,4013.617396825396
3368,6169.788166666665
3369,38266.68601190476
3370,41344.541666666664
3371,2845.393922619047
3372,4373.744005952381
3373,5712.916954365078
3374,16311.988127483626
3375,6568.809041666668
3376,4105.973277777777
3377,52718.20133333334
3378,7372.824211399712
3379,10686.191601190476
3380,6060.636152625151
3381,51824.14533333334
3382,29814.889908730158
3383,5824.905386904762
3384,11866.972759920638
3385,6671.892432539682
3386,30861.911807539687
3387,45831.287575757575
3388,2643.313768037518
3389,5578.8025119047625
3390,17005.764605158733
3391,54618.841785714285
3392,7180.366020021643
3393,36762.73904761905
3394,2718.2107276334777
3395,5636.818130952381
3396,61907.33558658009
3397,1659.480525793651
3398,50224.06102777775
3399,4055.62723015873
3400,7286.819206349205
3401,4616.578249999999
3402,60434.81966666667
3403,5839.559641483517
3404,7208.791172619047
3405,7566.752654581531
3406,8681.524444444445
3407,42455.94704545455
3408,2854.8735753968253
3409,4898.045273809524
3410,8184.294626984127
3411,5591.583551406926
3412,14681.735210317462
3413,6557.511947649572
3414,5196.38577838828
3415,4398.739464285713
3416,5168.365013888889
3417,4161.24504004329
3418,12647.755245671
3419,4270.315480339105
3420,2213.156777777778
3421,3855.190166305915
3422,5814.249021825398
3423,7230.898900613275
3424,52955.29589682541
3425,4860.732424603171
3426,4784.928766233766
3427,11208.720454906206
3428,7509.506358585857
3429,3566.446785714286
3430,6209.875253968256
3431,6179.165470238094
3432,4978.7947391774915
3433,37421.50553373015
3434,5100.842884920634
3435,2515.4904906204906
3436,3934.163125
3437,42181.20303174604
3438,52792.41009523809
3439,4214.531173340548
3440,4424.953242063492
3441,2486.3294345238096
3442,5016.492013888888
3443,9410.098422438676
3444,7322.631869200247
3445,4680.350395021643
3446,7384.090119047622
3447,60984.16766865076
3448,4355.190499458877
3449,14859.444709235211
3450,4502.089166666667
3451,3869.9844698773454
3452,5323.662664682539
3453,5556.073150793652
3454,3208.212521825397
3455,7635.81998674936
3456,7870.840010822514
3457,10129.77079761905
3458,4610.6196998557
3459,2802.855424603175
3460,4653.945103174602
3461,11244.674866522366
3462,59872.25375
3463,11350.734732142864
3464,7596.892166666666
3465,4088.9350842352087
3466,4045.709232142858
3467,50437.74933333333
3468,3518.376902597403
3469,2347.7113750000003
3470,7224.1449237013
3471,61180.36977976188
3472,4723.386015873018
3473,64813.53882936508
3474,3737.358466630592
3475,10851.304609307357
3476,4255.977500000001
3477,71272.7316111111
3478,8318.160730158728
3479,12280.355369047618
3480,5933.510634920634
3481,53205.9775
3482,5053.756456349205
3483,3892.0000099206372
3484,7022.477390984014
3485,45982.2625
3486,49642.87845238095
3487,12844.841813672436
3488,53873.459446969704
3489,4504.344761904762
3490,7435.544797619047
3491,5550.881938492061
3492,43822.38506746032
3493,2285.5126904761905
3494,57274.190410173156
3495,8168.915333333334
3496,1770.923984126984
3497,6113.5344384920645
3498,32581.24357539682
3499,13618.119713203467
3500,3877.324662698413
3501,8285.06042261905
3502,10315.331285714283
3503,9765.434227633481
3504,60915.04633531745
3505,9965.556385281387
3506,6537.889297619046
3507,6166.219976190477
3508,4842.870873015872
3509,8487.93240873016
3510,7570.806577380953
3511,12407.075815476186
3512,5963.865815476191
3513,58490.75906006494
3514,57161.672931277055
3515,5620.764672619046
3516,3964.8627202380962
3517,6328.530831349206
3518,10829.742218253967
3519,42546.958
3520,4789.015465367963
3521,28637.261309523805
3522,3932.9396504329006
3523,59289.28126984126
3524,39725.908873376626
3525,54808.759892857146
3526,5371.060087662338
3527,4997.976595238096
3528,57032.046065476155
3529,15401.496759920636
3530,9872.900268731266
3531,3651.948422619048
3532,60273.42425
3533,61299.14278246755
3534,17897.586045537795
3535,2890.5084365079365
3536,7510.714997474747
3537,4022.264359307359
3538,66558.09251190479
3539,59541.928464285724
3540,56658.059262626266
3541,7861.258177669553
3542,5797.597337121213
3543,43705.13333333334
3544,4205.650799603173
3545,51809.18192857144
3546,66869.23384920634
3547,10301.31349404762
3548,6032.112017857144
3549,6760.736544011543
3550,65295.374
3551,47416.575027777784
3552,4278.499961219336
3553,7481.022253968253
3554,10096.622487193363
3555,6286.954745310243
3556,43832.00483333333
3557,7183.190589285714
3558,61406.43074999999
3559,4293.50105357143
3560,8290.178186091687
3561,4392.223706349207
3562,6514.364480519482
3563,50613.40888888888
3564,14670.803572150082
3565,45311.29232142857
3566,5516.579595238095
3567,6088.141464285714
3568,10965.519553571427
3569,11948.753053571429
3570,60789.1125
3571,5395.524801587302
3572,1784.7692619047616
3573,6022.2413481241
3574,5461.709865079364
3575,12840.457325396834
3576,43499.67103571429
3577,9662.332498737373
3578,13744.696602092357
3579,3490.8382083333336
3580,6339.636003607503
3581,4208.328876984128
3582,45189.20358333332
3583,51801.295583333325
3584,5356.507043650793
3585,2096.9413452380954
3586,58700.9095
3587,7657.664709595963
3588,82820.19075126262
3589,3754.3419464285694
3590,38239.745452380965
3591,6021.596099747473
3592,6436.3009999999995
3593,15444.073480158731
3594,4805.899357142857
3595,2201.857767857143
3596,5583.88690277778
3597,4745.883855158731
3598,6999.747843253971
3599,9894.714416666666
3600,7629.944952380952
3601,7018.172859126985
3602,60524.735285714276
3603,4384.877422619046
3604,5875.094885461761
3605,56558.37804166667
3606,27134.326319444455
3607,6296.156310245311
3608,60969.61202777778
3609,7223.600950396824
3610,52587.60877976192
3611,12312.566602813848
3612,52711.72121428573
3613,4529.446232142859
3614,55538.024222222244
3615,50742.306864163605
3616,63787.80886507939
3617,5893.017992063493
3618,5733.4925099206375
3619,7963.417095959597
3620,7805.403919552666
3621,4586.228662878787
3622,62841.74475000001
3623,57574.24543055556
3624,60384.067833333334
3625,6825.952655483407
3626,65082.12079166667
3627,61801.159793650804
3628,10166.870146825398
3629,62622.25053373016
3630,68612.26905627709
3631,3553.911668650794
3632,5483.417097582973
3633,61705.06694444444
3634,4325.657462301588
3635,13945.698398809522
3636,24833.477950396828
3637,6535.994391594514
3638,50416.256940476174
3639,6051.538738095239
3640,7772.923603174604
3641,58104.15827976191
3642,9265.784300366298
3643,41232.795750000005
3644,42018.303315476194
3645,11768.806267135638
3646,8776.181454906207
3647,59703.04689880952
3648,3677.4046924603185
3649,2518.2164761904764
3650,63618.04157142858
3651,10020.561680555556
3652,8327.029444444443
3653,11596.701350468977
3654,52263.22058928572
3655,64205.0826984127
3656,45883.0
3657,24208.059611111108
3658,4658.127577922075
3659,6831.788560064935
3660,10028.464309523815
3661,4579.367095238094
3662,29872.594579365086
3663,6652.577688492064
3664,32388.899363095235
3665,5893.739194444447
3666,41287.71452777778
3667,51513.82537301587
3668,6701.500813492066
3669,67786.59193373293
3670,6004.803701118328
3671,51671.72555555556
3672,5823.253503246753
3673,3330.8833035714283
3674,60927.27217460318
3675,9553.79634758297
3676,6115.5133888888895
3677,8099.385615079365
3678,56414.04852831889
3679,5814.877503968255
3680,7940.142417207792
3681,6684.025291305916
3682,4320.447222222222
3683,5878.758471861474
3684,5289.588281593406
3685,3219.147678751804
3686,6456.835349206348
3687,11144.406595238093
3688,63387.475045745916
3689,10975.304125000002
3690,5739.421638888893
3691,4862.538325396827
3692,63509.42278697691
3693,7634.395115079367
3694,2667.2231646825403
3695,6391.555126984125
3696,72186.10140079363
3697,4049.934454184705
3698,8175.848943001442
3699,52518.267625
3700,9795.800180375185
3701,5984.6045593434355
3702,4863.274537698413
3703,5253.01555050505
3704,5421.551146825398
3705,5806.07195436508
3706,1787.4744087301588
3707,12980.228287698412
3708,3571.74065491453
3709,8809.86939285714
3710,7078.719773809522
3711,6029.334136904762
3712,9367.809668290043
3713,54723.43052164503
3714,3047.971868686868
3715,5172.241960317461
3716,49501.44016666667
3717,31605.787059523813
3718,4553.157113095237
3719,11727.479756132763
3720,37563.27584307359
3721,4487.164134920634
3722,7031.451357683983
3723,4001.230859126985
3724,6040.658635281385
3725,6208.580582070709
3726,38492.63689285713
3727,13742.328325396833
3728,3818.3542920274167
3729,43028.50312698412
3730,5009.988144841269
3731,46071.681500000006
3732,5928.5035178571425
3733,3357.180697510822
3734,7147.70411904762
3735,5359.237099206349
3736,54959.82777777778
3737,12949.264605921857
3738,59891.715212301584
3739,51130.94061904762
3740,5968.176071428573
3741,11249.42354040404
3742,9731.155892857147
3743,9423.45433531746
3744,4777.247154761903
3745,55126.14971013709
3746,5722.2570573593075
3747,5562.090988636365
3748,11166.73667171717
3749,8582.704416666667
3750,6077.520207611832
3751,5201.536412518037
3752,39609.61254166666
3753,4773.133063131312
3754,64827.59963492064
3755,63114.30056565658
3756,62113.49256746031
3757,5709.6292202380955
3758,12983.250981782105
3759,6629.220732142858
3760,44280.0
3761,2795.363267316017
3762,6422.348765873016
3763,6598.482029761904
3764,28819.131
3765,5395.28319047619
3766,6772.133696428572
3767,3674.149615079366
3768,3677.1883015873022
3769,32877.859738095234
3770,51335.57544047618
3771,8916.620357503605
3772,9840.140443001443
3773,6279.8427083333345
3774,6640.4632956349205
3775,13248.6831765873
3776,3934.420430555556
3777,53260.83625
3778,11712.78794895382
3779,60342.829857142846
3780,8840.228494408368
3781,51527.555
3782,3023.9922925685432
3783,6913.816988095237
3784,67866.85117424243
3785,3132.130517857143
3786,6375.5591091269835
3787,4892.305041666666
3788,62044.61005622157
3789,4307.894950036077
3790,5963.764416666667
3791,65097.47900000001
3792,3929.253217532466
3793,7322.765652167277
3794,5894.796984126984
3795,2702.024035714286
3796,7701.257725108227
3797,10629.581257936508
3798,56695.385
3799,68490.02565476189
3800,6408.542795634921
3801,5242.512466269842
3802,54661.70587499999
3803,4429.652625000001
3804,4560.211601190475
3805,4768.79998394661
3806,2298.40194047619
3807,10889.90685642136
3808,4558.212861111112
3809,4752.309867063492
3810,7591.460005952379
3811,10078.156654761904
3812,5879.802313492063
3813,3366.9120833333336
3814,4421.39490873016
3815,4743.395974206349
3816,6133.597085497837
3817,12559.140990079366
3818,2363.507220238095
3819,6003.4387047258315
3820,56440.378375
3821,68978.93872330447
3822,14715.40991684704
3823,18056.353331349204
3824,11159.800378968255
3825,4705.798214646465
3826,11201.48863095238
3827,2590.970607142857
3828,61257.293746031755
3829,7119.9052876984115
3830,54717.866863095245
3831,72863.14285858588
3832,52626.75704761904
3833,4955.201603174602
3834,4659.478458333334
3835,60976.18241666666
3836,32667.5565
3837,66328.47066666668
3838,47377.168441558446
3839,4052.226577200577
3840,2239.1336904761906
3841,4499.240793109668
3842,33454.751875
3843,9693.106483946609
3844,54609.09979166668
3845,53175.09491666667
3846,3579.978938131313
3847,5513.307167207793
3848,57112.02620833333
3849,3904.808857142857
3850,4389.031321428572
3851,3755.139871031747
3852,3134.7847996031737
3853,62647.28455555556
3854,2262.631726190476
3855,4189.36619047619
3856,42760.21242857143
3857,39561.51945779221
3858,27864.0
3859,11751.965803571431
3860,50727.34358874459
3861,4507.699785714286
3862,13928.543193362199
3863,61946.342813492054
3864,5133.248373015874
3865,8411.456275793651
3866,4452.640464646464
3867,32327.27054166666
3868,45420.294472222224
3869,4661.522528679654
3870,3501.0255721916965
3871,6281.352140692644
3872,2404.540047619047
3873,54313.524000000005
3874,3080.6265793650778
3875,11310.085001984131
3876,4265.881343253968
3877,35781.56969047619
3878,6159.649150793652
3879,7348.3970398629135
3880,4329.690357142857
3881,2595.5945773809535
3882,59647.37529563492
3883,4360.594400793651
3884,18092.13582142857
3885,63719.87652453101
3886,3332.5975753968246
3887,5445.593775252526
3888,73472.04464682541
3889,37622.385238095245
3890,7649.146476190476
3891,59930.18459523808
3892,55951.98589285715
3893,5274.725674422799
3894,71962.35326785715
3895,2997.7595555555545
3896,5564.6283968253965
3897,5706.56694047619
3898,63952.758944444446
3899,6246.58788365801
3900,9428.842564393943
3901,5341.134735750363
3902,24763.168140873026
3903,4680.049682539683
3904,6529.9667916666685
3905,69064.5509345238
3906,4050.9999915223657
3907,73882.37425595238
3908,60261.12702579365
3909,17714.415138888893
3910,40586.89490277776
3911,8935.6938495671
3912,58688.54739141414
3913,54989.471373015855
3914,10234.241811507936
3915,22490.23109920635
3916,4626.8301253607515
3917,3546.260428571428
3918,12402.063876984132
3919,4501.99
3920,4424.493579004329
3921,3861.3370954184693
3922,9866.204837301588
3923,6544.986775793648
3924,55489.43858333332
3925,5216.21456547619
3926,61323.56605753969
3927,5142.343490079364
3928,5542.924086219336
3929,44824.26835606061
3930,5012.781181096679
3931,3066.7163084415597
3932,3465.073262667888
3933,51817.0
3934,59587.60621031743
3935,2448.64344047619
3936,76874.68019841271
3937,12163.388897546902
3938,3226.0187792207803
3939,53857.31838293649
3940,13550.6131715368
3941,10183.00488744589
3942,67315.97688492063
3943,7271.5196765873
3944,5815.709200396825
3945,7034.308148809523
3946,51842.27625
3947,44249.5
3948,47056.07488888889
3949,11961.333958333333
3950,5786.264777777777
3951,10655.520105158734
3952,56195.20753571429
3953,3793.037721500722
3954,35519.295869408365
3955,4584.311299603174
3956,33088.57814285714
3957,61229.255537698424
3958,61204.56635714287
3959,7145.253450396827
3960,3178.7125593711844
3961,2972.9624107142845
3962,6660.007968253971
3963,4778.011294011545
3964,46108.508321428584
3965,59926.444527777785
3966,3965.9074523809527
3967,51476.16096194085
3968,31999.353698412706
3969,5717.345107142858
3970,4184.241172438671
3971,4545.825615079366
3972,6443.63125
3973,6638.891093253969
3974,44198.0313502886
3975,6331.1041412337645
3976,12460.701900793649
3977,7870.905906926401
3978,3374.655416666667
3979,4484.90694047619
3980,65079.34
3981,3393.578244047619
3982,6456.420345238097
3983,6374.31875
3984,49922.452235389595
3985,65456.5739047619
3986,62370.48263888888
3987,55635.602549603165
3988,5397.687969696967
3989,3183.177357142858
3990,78202.8511517233
3991,5055.055025793652
3992,6470.853720238096
3993,60558.77166666666
3994,5274.079483766234
3995,12954.366681998554
3996,7120.404333333331
3997,5695.168525793649
3998,69867.42900000002
3999,4578.58713023088
4000,11405.612623737374
4001,6049.905775793651
4002,62075.52316053391
4003,3987.193404761902
4004,13297.554609126986
4005,2918.083729617605
4006,8479.599011904758
4007,52256.63390476191
4008,6839.0714172077915
4009,50488.72659523809
4010,60791.0724411977
4011,63769.00264285714
4012,78382.19392857143
4013,11226.06832142857
4014,59294.986666666664
4015,5777.684123015874
4016,3443.8879523809524
4017,4474.801376262627
4018,9152.10088852814
4019,6082.389863997113
4020,50055.57843055556
4021,22484.950666666664
4022,9922.386203282826
4023,7267.107819985569
4024,11699.87572155622
4025,62028.96388095238
4026,14485.833193362198
4027,38715.24973809524
4028,42439.36
4029,3053.072623015872
4030,6404.4258988095235
4031,67982.82961309528
4032,54663.475999999995
4033,48835.73434523809
4034,1947.4118447802198
4035,2758.5519047619055
4036,51817.0
4037,54658.89833333333
4038,3917.07213095238
4039,6711.237863095239
4040,8016.077195915194
4041,4904.920845238095
4042,10373.312812409813
4043,5936.350888888886
4044,7673.396092532465
4045,7908.405819444444
4046,7270.8645793650785
4047,59106.665595238126
4048,6050.091442460316
4049,9163.129435786435
4050,60395.915
4051,55443.84645238095
4052,10508.669263888889
4053,60622.849065476184
4054,49588.91841468254
4055,60366.6263327922
4056,5413.8256527777785
4057,1751.0990476190473
4058,6765.324192460318
4059,3906.8511527777773
4060,8750.594401862025
4061,32933.55375
4062,2118.074472222222
4063,60936.41166666666
4064,9370.945375000001
4065,7699.875985209233
4066,53940.16646428572
4067,5693.494698593074
4068,11717.351023809526
4069,5816.465771825397
4070,37985.0
4071,2971.835398088023
4072,54570.671124999986
4073,62750.34399999998
4074,11805.54923214286
4075,4377.336553571428
4076,11866.822682539683
4077,65802.50166666666
4078,49707.224
4079,6903.723022907649
4080,65171.478849206345
4081,5050.8695317460315
4082,31540.623111111112
4083,7054.074636183263
4084,56708.61303571428
4085,61055.891642857154
4086,5937.350648809526
4087,5352.576362914862
4088,42863.43773015874
4089,2864.6691964285715
4090,53778.930446428574
4091,3584.9899365079364
4092,6574.695416666667
4093,53330.064809523814
4094,54777.0
4095,44412.11266666667
4096,10338.840528679657
4097,6445.248032467531
4098,11009.752717490841
4099,38115.91525
4100,8493.679757936507
4101,44291.424000000006
4102,5344.330035714286
4103,7015.173646825398
4104,5170.867006313131
4105,6278.483906746035
4106,56355.85975
4107,16431.042000000005
4108,4933.913103174603
4109,5460.443717893217
4110,7649.151602813853
4111,11889.4431547619
4112,2008.5771765873014
4113,15244.59539502164
4114,4322.220488095238
4115,2824.5406038961037
4116,4251.233460317461
4117,5339.6091210317445
4118,6374.607446428571
4119,4373.855571428571
4120,56501.56086904762
4121,5658.378381493505
4122,13217.735647907655
4123,14818.443309981683
4124,5053.64304945055
4125,5438.926714466088
4126,8788.345361652237
4127,5318.08086525974
4128,11191.327834054835
4129,4071.099986291486
4130,14385.26524350649
4131,79091.6635806277
4132,38538.360561507936
4133,4080.4619246031752
4134,3751.1141527777777
4135,5196.954313492064
4136,3964.207738095237
4137,8408.217517857142
4138,6015.896603174603
4139,2199.188785714286
4140,5895.880863095238
4141,60616.025
4142,6054.386490620489
4143,5413.855154761906
4144,7801.876448412699
4145,8541.901076617827
4146,8749.597565476188
4147,6885.598587301589
4148,50674.87719642857
4149,56618.55282936507
4150,12915.242549603174
4151,21001.464769841274
4152,73834.87790873017
4153,14730.151780122653
4154,53290.635
4155,50948.85574981964
4156,38376.61605519481
4157,2879.0710357142857
4158,39711.010875
4159,3836.38055952381
4160,8474.508462301583
4161,69100.63582142859
4162,4280.413630952382
4163,14679.888403041412
4164,30776.924059523808
4165,5446.080291305918
4166,6198.64507936508
4167,8435.46925559163
4168,7537.120825757575
4169,6971.808992424241
4170,35891.128654761895
4171,5919.591642857143
4172,3962.222966269842
4173,4379.175128968253
4174,6149.0137691197715
4175,51817.0
4176,39279.79933333333
4177,8079.2812822871565
4178,3611.4169761904773
4179,51709.482083333336
4180,71174.87191919191
4181,42890.288172619046
4182,51710.03885714286
4183,6989.6852043650815
4184,57586.46690873016
4185,4467.299170454546
4186,6460.763894841267
4187,10649.846234126984
4188,46559.62320238096
4189,4040.8561488095233
4190,55950.78611904762
4191,50892.88552380953
4192,4712.057857142859
4193,7342.964490079367
4194,1799.4402539682542
4195,11005.102752344881
4196,60427.26372619047
4197,6161.976345238096
4198,15593.193364357865
4199,6177.729315476189
4200,6509.9880918109675
4201,60840.19840674602
4202,1864.5798849206349
4203,58514.63510714287
4204,2454.2235654761903
4205,7608.020074494949
4206,52771.97466666668
4207,48382.67288888888
4208,62776.380458333326
4209,5011.129617063491
4210,6299.05744047619
4211,4471.150107142857
4212,9913.770680194804
4213,40450.47108892496
4214,53610.00225541126
4215,6541.010591117216
4216,7947.32258501221
4217,5369.888886904763
4218,4096.534628968253
4219,3372.179053571429
4220,2845.1447200577204
4221,1730.296041847042
4222,50283.96538095239
4223,6350.302182539682
4224,6711.868333333331
4225,53043.29658333333
4226,61044.432369047616
4227,60989.2
4228,7638.168876984127
4229,6946.362541305915
4230,5116.344071428571
4231,30830.680912698404
4232,4739.401174062049
4233,6280.470809523809
4234,66379.51995238097
4235,4517.159075396825
4236,51059.054458333325
4237,4582.632704365081
4238,39410.87059776335
4239,4439.963659271283
4240,53284.53420238094
4241,48528.307511904764
4242,2871.8867597402595
4243,52454.09466666667
4244,56143.75
4245,5975.071260461759
4246,55577.736482142864
4247,58293.39094047619
4248,5541.584948412699
4249,5575.87097637085
4250,11310.776865079368
4251,14481.258690115441
4252,6012.1541753246765
4253,4902.369842352093
4254,64602.67455753966
4255,3280.4927559523803
4256,45267.711875
4257,46886.21872222223
4258,5088.086871753247
4259,6213.385680916307
4260,5875.944178571429
4261,4933.816139069262
4262,22152.0
4263,2414.9806154401153
4264,5468.697208333332
4265,6098.608033369411
4266,6739.703029761905
4267,52536.13515079366
4268,5242.69875553613
4269,5638.8705892857115
4270,5923.726396825397
4271,27640.212357142867
4272,13039.553907287158
4273,3988.7689666305896
4274,51694.96147619048
4275,4333.940464285716
4276,35124.29013492063
4277,58425.47013492063
4278,11902.399630952379
4279,53790.87645238096
4280,54006.52849603175
4281,10989.805296717172
4282,65370.637444444445
4283,4311.657783189035
4284,7469.757321067821
4285,2463.539222222222
4286,54684.0
4287,61566.74882647907
4288,6830.093154220781
4289,2505.964117965368
4290,11159.652411976911
4291,44280.0
4292,6316.188008477632
4293,12398.32117748918
4294,7152.366464826839
4295,41658.25545634921
4296,65334.82391919192
4297,9989.496265873016
4298,3943.4404444444453
4299,35009.58533531747
4300,3936.363502886003
4301,71932.75568253968
4302,5295.515563492063
4303,5084.060311507936
4304,45859.15
4305,7791.101779761906
4306,53723.649388888894
4307,3974.749865079366
4308,58219.55839898987
4309,5687.035860569985
4310,4242.33830631868
4311,6592.369352633477
4312,3511.028613095239
4313,3504.456297619048
4314,4716.9398023088015
4315,3848.7481250000005
4316,1683.471363095238
4317,6678.897178571429
4318,10093.007720238098
4319,10763.142487193363
4320,63201.25774873738
4321,6568.726519841267
4322,4779.311198579198
4323,46547.2929150433
4324,56543.38275
4325,6108.331353174603
4326,8100.426222222222
4327,6266.487081349205
4328,8999.971727994227
4329,64782.55359379509
4330,6886.140490079368
4331,59294.35651984126
4332,4099.574392857143
4333,5556.818646825398
4334,56065.2675
4335,52873.2263154762
4336,6673.982001443004
4337,2907.7401408730166
4338,4021.2102103174593
4339,3778.089147907648
4340,59455.83107341271
4341,67055.51409126984
4342,7232.093037878787
4343,50190.1320340909
4344,4696.369791666666
4345,3491.3199329004337
4346,4962.60302922078
4347,5756.341355158731
4348,5230.236775432902
4349,5976.106654761903
4350,10111.839443528694
4351,7056.869057539684
4352,6127.250020021646
4353,2599.2167231240987
4354,45300.649495670994
4355,3670.4761818181823
4356,7608.464847222221
4357,11111.224113095243
4358,4540.278094696971
4359,1766.092111111111
4360,63298.17121789324
4361,2449.8232261904764
4362,2271.9212023809528
4363,14412.010896825404
4364,6665.871010101009
4365,8376.89379112554
4366,5603.169333333335
4367,56105.5166984127
4368,2976.5460535714296
4369,4031.652261904761
4370,4728.49440674603
4371,4389.386085858585
4372,21497.18514880952
4373,6249.963261904761
4374,4768.08780266955
4375,64989.348416666646
4376,46923.129523809526
4377,4841.0328928571425
4378,47229.28996428571
4379,5742.062002344877
4380,39495.58895238095
4381,53239.3997777778
4382,4213.07969047619
4383,6640.768132936509
4384,6960.804046717172
4385,23812.560654761903
4386,10452.186425685428
4387,45739.77003571428
4388,9833.985936507941
4389,7240.072632936508
4390,5753.106072510821
4391,10991.521075036078
4392,53073.987281746035
4393,39145.52221374459
4394,49951.414333333334
4395,17635.552583333334
4396,5297.840632215008
4397,7289.176864538243
4398,6501.856964285715
4399,6892.986083333336
4400,32802.241214285714
4401,7869.061543650791
4402,86583.07258730158
4403,54719.26920238095
4404,10235.920247113992
4405,14227.920692460313
4406,14068.42545436508
4407,5886.951547438673
4408,8309.814655122655
4409,18634.014713383836
4410,6376.859150793652
4411,3794.055551587303
4412,7660.741579906204
4413,3066.6354155844165
4414,71659.83160317458
4415,12098.914416666667
4416,14147.480875
4417,58352.54638852815
4418,6157.345913239539
4419,6621.780384920633
4420,5102.807460858587
4421,5992.724583333333
4422,5807.706801046177
4423,55732.11644444446
4424,7341.013895021646
4425,54436.54742929293
4426,8966.797464285715
4427,1775.359223845599
4428,54063.35907142857
4429,4487.526519841271
4430,5642.438736111113
4431,8554.24890674603
4432,7053.899324134201
4433,32818.5205
4434,8232.303545634923
4435,61400.695
4436,13835.95345544733
4437,4986.96
4438,6098.536440115442
4439,5739.277115079367
4440,49621.79308333334
4441,43507.409880952386
4442,4663.954222222223
4443,5964.90678968254
4444,6166.5398075396815
4445,7751.624708694087
4446,6457.713595238096
4447,10318.758231421356
4448,4117.571396825397
4449,4617.953904761907
4450,12385.997875000003
4451,3675.3251865079365
4452,61382.47553174603
4453,1798.4247261904757
4454,11118.132805916308
4455,4348.426670634919
4456,7589.231260822511
4457,2551.0405238095236
4458,6930.662001984128
4459,9729.918821428573
4460,6811.266005952377
4461,6192.3266507936505
4462,5322.0
4463,4315.764543650793
4464,11497.217882936508
4465,3278.36231547619
4466,56144.186783730154
4467,6463.445045454547
4468,5586.9943630952375
4469,15908.878228174599
4470,61284.06823304472
4471,49247.57591666667
4472,54948.46677777779
4473,60396.797999999995
4474,7147.15892857143
4475,3605.4089702380948
4476,7496.277714285713
4477,5427.899757575756
4478,33129.391749999995
4479,12755.733264790768
4480,64073.858587301576
4481,3652.8895712481967
4482,3144.0833024891776
4483,3993.5875313852803
4484,6726.830768717395
4485,23275.192238636366
4486,45816.657587301575
4487,6270.557751984127
4488,3179.7838751803747
4489,2239.724172619048
4490,4463.3923787878775
4491,3079.2363392857155
4492,6758.98819047619
4493,2374.6023712121214
4494,4454.8732222222225
4495,10712.599623015873
4496,9392.021423520928
4497,14378.386450396834
4498,7123.398797619049
4499,58971.28001984125
4500,4505.21945472583
4501,5713.639521825398
4502,6546.571682539681
4503,6240.041510281386
4504,11292.350057692309
4505,6707.225466089468
4506,47972.27928174604
4507,7411.825246572869
4508,5373.626849206348
4509,5910.846344155844
4510,5115.460700396824
4511,53275.305988095235
4512,3971.5715734126984
4513,4319.343705627706
4514,45701.190577380956
4515,5973.6209451659415
4516,49574.176
4517,4002.2062875180372
4518,3985.701726190476
4519,5584.312230158729
4520,56054.755
4521,6252.028230158729
4522,30057.75116071429
4523,5359.236845238094
4524,9625.05876984127
4525,60239.278
4526,3600.7621836080584
4527,43436.25105952381
4528,65969.85685930733
4529,57322.304674603154
4530,5440.3646130952375
4531,57205.4578452381
4532,2492.8809525335787
4533,5393.908420634922
4534,55701.654319444446
4535,57536.507333333335
4536,6259.278802489177
4537,4107.945638888889
4538,46977.70391865079
4539,3543.0820467171707
4540,6072.954954365077
4541,45883.1835
4542,6122.324035714286
4543,5685.10670779221
4544,27905.068
4545,10347.135231421353
4546,57410.78199224386
4547,10833.40352701465
4548,12003.316195887448
4549,8320.46592478355
4550,2298.1648869047626
4551,4947.5620485625495
4552,51847.84395833334
4553,6449.4541666666655
4554,61965.045111111096
4555,6069.518415404036
4556,11278.755718253968
4557,7335.737675144301
4558,62179.26413492064
4559,12438.943308621934
4560,1777.1922777777777
4561,5103.760226731603
4562,44280.0
4563,4411.903583333334
4564,4673.678953823953
4565,55345.21191666667
4566,5961.217640873016
4567,52823.096177849926
4568,4138.565077380952
4569,14864.340809523816
4570,4407.262246031745
4571,4686.2326111111115
4572,7142.419428210676
4573,20760.0
4574,5887.467597222223
4575,18282.022413558665
4576,4958.251375
4577,3754.0271363636375
4578,49779.2161785714
4579,7700.286908730157
4580,8151.481190656566
4581,56873.6412361111
4582,6337.401140873017
4583,4618.558782106783
4584,6116.137850649352
4585,3307.0091309523814
4586,13089.657224969475
4587,5768.948864357865
4588,5510.663239177487
4589,9911.023418650793
4590,50469.96978373014
4591,52336.44799999999
4592,2468.419301587302
4593,4869.747993145744
4594,9308.593107142857
4595,3866.0563670634915
4596,2680.047831349207
4597,5223.94998611111
4598,5575.703726190474
4599,2468.5571908369407
4600,4491.974142857144
4601,4580.899426587303
4602,8788.734419289043
4603,4971.819577200577
4604,5649.089272005774
4605,5609.30628968254
4606,27973.29344047619
4607,2556.1043383838387
4608,11750.794892857148
4609,4028.3278706709957
4610,12162.114620670995
4611,26326.043738095243
4612,2811.302958333333
4613,5579.520500180373
4614,7332.967967712844
4615,83314.66961525974
4616,15071.148798520926
4617,61516.71125252528
4618,6162.112880952379
4619,7752.93054906205
4620,62885.59023520923
4621,1913.7814491341999
4622,11789.806992063492
4623,11013.88507738095
4624,6572.996681277055
4625,7710.051269841271
4626,7120.713434523808
4627,4498.854523809524
4628,8109.243297216669
4629,2833.8627619047625
4630,7202.4702857142875
4631,4502.231470779219
4632,6925.0028253968285
4633,47151.535261904755
4634,66303.67011507935
4635,2246.727630952381
4636,6309.6288968253975
4637,8428.271357142861
4638,5916.849244227995
4639,2705.0387169913424
4640,3536.7358353174614
4641,20869.389642857142
4642,7953.780369047619
4643,3987.5064262265532
4644,5007.765947510823
4645,7853.313226370853
4646,61995.57786111111
4647,4304.039365079367
4648,54631.16125
4649,59965.070625
4650,10032.748626442999
4651,5315.630833333334
4652,5559.763804292931
4653,4594.596073773449
4654,2363.081075396825
4655,13626.350119769117
4656,2357.104819264069
4657,57004.92363095238
4658,9126.932892857145
4659,12758.269908730163
4660,4998.352853174602
4661,39239.26488095238
4662,5612.724569444445
4663,4560.687920634921
4664,55594.54433333334
4665,54989.41766666665
4666,5537.448225732601
4667,6994.700559523812
4668,65606.64427380952
4669,3592.172248015874
4670,46049.19055952381
4671,45256.57166666666
4672,20768.593999999997
4673,2903.4630000000006
4674,3111.6729157647906
4675,4175.6209623015875
4676,5739.743273809522
4677,5916.327779761905
4678,59510.259731421356
4679,5737.539277236654
4680,65630.3481269841
4681,63231.012005952354
4682,4297.7744742063505
4683,13543.487666666671
4684,7882.348484126981
4685,13746.820736111107
4686,59112.84177254688
4687,4176.234094322345
4688,14185.945817460317
4689,5489.1243683261155
4690,54888.26416666666
4691,1839.7996282467532
4692,4365.589860209236
4693,60487.87557738097
4694,41064.0
4695,5922.948930555556
4696,61587.14480952381
4697,12762.649279761907
4698,13118.47425396825
4699,5589.914780941281
4700,4041.8110793650812
4701,60927.625
4702,71792.50571626988
4703,3534.0644761904778
4704,49689.369136904774
4705,4446.1504583333335
4706,8705.930219336216
4707,10652.499167929294
4708,7653.487609126984
4709,49583.88166666666
4710,14720.948081709957
4711,5832.085369588744
4712,7595.11179599567
4713,4483.303738095238
4714,44391.563646825394
4715,6207.921941738819
4716,6361.295707431459
4717,12784.160230616608
4718,10687.258925144302
4719,4275.638976190476
4720,4877.133398809526
4721,23189.19446428571
4722,5496.725470598846
4723,4600.229373015873
4724,8081.189898809524
4725,12698.342970238094
4726,6182.941904761905
4727,56661.17113095239
4728,4328.3050079365075
4729,61003.36969318185
4730,9283.016710317463
4731,6833.9522162698395
4732,6201.244107142856
4733,6075.756714285713
4734,2772.070025793651
4735,5616.297884920636
4736,5330.119833333334
4737,2819.3853353174613
4738,4952.577674603174
4739,61061.48807070708
4740,5983.369466269841
4741,61272.12268650795
4742,50925.73024999999
4743,4491.215
4744,58890.08924116162
4745,45737.81416666666
4746,21021.24366071428
4747,7074.7263331529575
4748,46370.991477272735
4749,11062.484196248191
4750,4039.298194444443
4751,49290.0639702381
4752,6944.189325396827
4753,8225.752812229435
4754,5174.326233044734
4755,55748.193
4756,6657.523317460317
4757,7731.8114900793635
4758,5375.807074494948
4759,2428.3110357142855
4760,34547.851515873015
4761,15449.271273698527
4762,2757.3540992063495
4763,3174.4799107142862
4764,6439.292356060606
4765,6544.572521825393
4766,38294.62317424243
4767,29816.38963690477
4768,4578.932678751804
4769,6117.5724512987035
4770,42573.44633333334
4771,3424.5600611471855
4772,8550.06519318182
4773,7426.398856629481
4774,22034.5675
4775,11547.455847222223
4776,4925.787813492062
4777,3053.472928391054
4778,5668.285791125538
4779,3789.233327380953
4780,3274.2223095238096
4781,5454.481345238094
4782,5457.292812673438
4783,5484.3495340909085
4784,5928.3363768037525
4785,13078.307317460321
4786,60395.915
4787,2489.063
4788,14452.8309484127
4789,6275.419713564216
4790,5411.761691558442
4791,7378.674056096683
4792,3294.9472757936483
4793,4548.27234992785
4794,6074.472720238095
4795,54894.59177380953
4796,4782.396094877345
4797,46220.077666666664
4798,5949.0
4799,67048.30213672438
4800,11222.943611471861
4801,3087.2342772366524
4802,54558.895
4803,4233.963351190477
4804,12037.86320833333
4805,6074.382369047618
4806,38118.375
4807,56330.62443650794
4808,50045.89120634918
4809,3606.6717658730176
4810,74781.90850595236
4811,5389.038182178935
4812,9417.895874999998
4813,20696.68342857143
4814,11566.797382034634
4815,2362.1358333333333
4816,2469.794880952381
4817,6122.379481962482
4818,10006.749691239314
4819,13462.975391955268
4820,63322.46088329729
4821,6401.9775238095235
4822,54815.690869047634
4823,11696.555424603175
4824,55567.91872909034
4825,4766.156450216451
4826,4756.219928571429
4827,8060.7385072150055
4828,2790.333865079365
4829,7391.371999999999
4830,6449.516472222224
4831,55025.04341666669
4832,4139.299787698413
4833,51770.780396825394
4834,8492.373705447335
4835,65424.491184343446
4836,1992.9855036075037
4837,4215.832281746032
4838,9075.656325396827
4839,12153.891423701292
4840,60629.827291666676
4841,68092.8195
4842,11612.802010281388
4843,6410.807954365081
4844,10224.327407467526
4845,38158.73821428572
4846,6475.911289682541
4847,4697.818494047619
4848,64185.78507449494
4849,50086.61433333332
4850,63339.66606547618
4851,60205.249833333335
4852,55544.64817063491
4853,4265.356224206352
4854,11143.11851984127
4855,52414.73464880953
4856,5737.6610892857125
4857,38213.65226984128
4858,6008.798386904764
4859,2783.5462123015873
4860,4712.9243295454535
4861,6481.139909992786
4862,45609.54130140692
4863,4314.67897050172
4864,3916.880906746032
4865,11063.885634920633
4866,8239.650380772007
4867,5936.959369047621
4868,7585.756865981241
4869,65713.66899999998
4870,52446.99657142857
4871,55247.16646302308
4872,11076.994268037517
4873,3867.37732936508
4874,12150.427712301584
4875,4214.63025
4876,3403.5007766955255
4877,6025.244791666666
4878,4466.530328823954
4879,4763.152140873015
4880,6566.279688492063
4881,4875.826145743143
4882,8141.7645515873
4883,6653.584248015873
4884,5476.290936507936
4885,3612.8878632756137
4886,4273.942089285714
4887,6286.952226190478
4888,3121.806057539683
4889,5932.953388167387
4890,7435.5631643217885
4891,11912.465286616169
4892,6287.582502164503
4893,12451.975730158729
4894,10087.89871518759
4895,8450.57984920635
4896,9355.027105158733
4897,32933.03111111111
4898,3074.8505595238094
4899,24525.946099206354
4900,41021.07752777778
4901,45811.60507738095
4902,35801.8346388889
4903,7584.765702380955
4904,56624.62828589467
4905,38164.75625
4906,5074.921191017314
4907,55407.25219642857
4908,2261.133892857143
4909,12948.13759600123
4910,5496.734254509382
4911,3185.5393928571443
4912,5856.853610930734
4913,5680.193039321788
4914,4037.903928571429
4915,11367.474870546115
4916,3509.3836527777776
4917,4153.700716269841
4918,4882.777025252524
4919,2515.298940476191
4920,47803.018039682545
4921,58704.22101984127
4922,2927.652685786436
4923,4595.922865079365
4924,15264.75432034632
4925,4317.639490440115
4926,4130.691488095238
4927,62108.88451984126
4928,38514.40016233767
4929,80971.56877489178
4930,6020.127407828284
4931,6218.465305555555
4932,7426.414302489176
4933,8626.750565476194
4934,49640.58589285714
4935,3402.8643499278496
4936,55328.52092857144
4937,3881.68766847042
4938,6864.175976010101
4939,4729.221039682539
4940,62522.29691161615
4941,2399.194149350649
4942,5817.069773809522
4943,6771.65296482684
4944,6738.28307142857
4945,5612.812178571429
4946,9130.664070346324
4947,4890.086259920634
4948,3316.4752996031743
4949,60637.6291302309
4950,3489.6932364718605
4951,5984.524696428569
4952,62456.0572857143
4953,11368.663234487734
4954,5322.4575
4955,22159.353333333336
4956,4095.3531210317465
4957,38412.52901785714
4958,3558.086730158732
4959,4639.8830456349215
4960,10739.32926984127
4961,4696.252285714286
4962,10023.757976190474
4963,4682.060994047619
4964,24694.44052380952
4965,38102.875
4966,4526.947833333333
4967,10558.045976190477
4968,60411.98290097401
4969,9173.4058234127
4970,3316.9105218253976
4971,6028.747065476191
4972,6067.91338095238
4973,1931.2659027777775
4974,5649.618872294373
4975,3130.876547619048
4976,11719.403693542574
4977,2338.9261607142857
4978,71767.85026190478
4979,8374.153777777776
4980,5456.925031385282
4981,15502.287519841264
4982,4282.800625
4983,3521.157892857142
4984,1621.804423423798
4985,6506.889051948054
4986,5059.061678571427
4987,7352.221689393942
4988,5893.8238571428565
4989,4482.294970238094
4990,13494.787176587306
4991,15377.196348124098
4992,65792.59176767676
4993,45247.04063095238
4994,11705.494735389613
4995,7538.32636904762
4996,24215.428063492072
4997,5640.467749694749
4998,61690.272513888885
4999,56781.05773989899
5000,11686.964933080815
5001,7593.553391774894
5002,6194.55605784493
5003,4616.397887085137
5004,8960.21863095238
5005,6653.01681547619
5006,4619.970523809523
5007,7099.8709399350655
5008,4206.232759920636
5009,4775.329994047619
5010,10962.206773809523
5011,4342.698202380953
5012,6243.478904761905
5013,10629.764156204905
5014,11054.181140512264
5015,5200.599238275614
5016,8666.00257738095
5017,3355.581879329005
5018,66683.26185515871
5019,6513.80312608225
5020,4017.2003980880236
5021,7175.860577380953
5022,8734.46022420635
5023,60260.0
5024,7152.82338095238
5025,51942.664000000004
5026,4162.978558802309
5027,4800.313279761905
5028,60098.7481904762
5029,2581.394696428572
5030,6006.272942460319
5031,4205.89721031746
5032,11819.639601190482
5033,20852.036
5034,3583.180442460318
5035,4715.681716269842
5036,36768.693333333336
5037,7603.0565734127
5038,38275.715
5039,2227.9329642857138
5040,61027.536875
5041,5743.89499404762
5042,6629.375357142858
5043,15566.113846861474
5044,6304.961297619045
5045,58986.571959790235
5046,61896.50437896824
5047,5134.347138888889
5048,53584.86969047618
5049,49573.736
5050,71106.03626948051
5051,14005.860502886004
5052,7977.402113095234
5053,18056.353331349204
5054,64410.612029761905
5055,5929.81315151515
5056,1682.047363095238
5057,61222.84303571429
5058,4795.821452380953
5059,3187.864916666667
5060,6859.808107142856
5061,60657.68883928572
5062,5297.206474567098
5063,51822.712
5064,4042.869357503606
5065,63199.06400000001
5066,27895.570714285714
5067,5442.287579365082
5068,49725.0
5069,12345.826837301587
5070,4094.009582431459
5071,7452.966063492062
5072,58036.618730158734
5073,53930.952000000005
5074,4842.689521825397
5075,5780.3747202380955
5076,4702.210168650792
5077,44273.40375
5078,5687.737581349207
5079,54840.26753571427
5080,4056.0378333333333
5081,7970.113345238096
5082,2809.0318928571437
5083,50352.42553571429
5084,58330.568640873025
5085,4308.154346500722
5086,9539.018027777778
5087,9189.658143939394
5088,5310.655321428572
5089,3901.1851408730145
5090,57278.493330280835
5091,3351.530999999998
5092,57567.66255158731
5093,5957.0975
5094,32922.84
5095,5176.74540079365
5096,6221.246763888888
5097,2222.0095654761903
5098,55216.36759650073
5099,49179.415472222216
5100,41019.7566948052
5101,5257.321521825395
5102,38915.923357142856
5103,5989.307151307029
5104,5161.946574675326
5105,12476.974827380951
5106,5432.08054197192
5107,4408.501990259739
5108,13648.092126068379
5109,5373.622080627707
5110,4105.023703463204
5111,63299.08903102454
5112,56552.322
5113,57640.28985515872
5114,63006.189431818195
5115,51400.84961038962
5116,6797.686226190478
5117,5337.616088023088
5118,12836.427098484843
5119,8755.52430952381
5120,41470.170793650796
5121,4276.9394126984125
5122,70525.34119444447
5123,46346.066904761916
5124,4421.985317460317
5125,38214.41964285715
5126,8535.669462301594
5127,8710.629256673881
5128,22152.0
5129,4553.072404761905
5130,54790.25333333334
5131,41313.61845238095
5132,7161.607641233768
5133,59469.70666666667
5134,7876.1744067460295
5135,44483.17571428571
5136,3210.5127070707076
5137,55706.469000000005
5138,5197.356041666668
5139,11452.191451298699
5140,6821.6046118326085
5141,4594.52910515873
5142,66603.46037752525
5143,10570.491577991452
5144,9471.96014249639
5145,47525.07145833333
5146,46544.88826190475
5147,55602.91773809523
5148,44471.76933333334
5149,46190.71662896826
5150,63134.28625793651
5151,6486.62736904762
5152,5956.3025
5153,53728.46966666667
5154,6145.5358750000005
5155,7458.199772727274
5156,48228.44029051502
5157,2961.7328749999992
5158,6166.57041991342
5159,6176.206059523808
5160,60260.19428571429
5161,3304.9357112193356
5162,5486.556499999998
5163,5043.8342083333355
5164,5843.119358488733
5165,5703.00245959596
5166,4631.953767857141
5167,51019.22448333609
5168,71612.61038492063
5169,7222.898136904762
5170,2549.733619047619
5171,3149.139845959595
5172,50636.3917142857
5173,4477.825863095238
5174,48503.81411652237
5175,8797.294778998781
5176,55128.327077380956
5177,18585.133867160617
5178,2527.6661994949495
5179,6652.002372113997
5180,6798.502936327561
5181,60112.326046897564
5182,5241.603269841271
5183,15932.354591269843
5184,8553.9335734127
5185,2583.1945853174607
5186,42053.400583333336
5187,5605.3583380230875
5188,56546.03833333334
5189,2937.84098015873
5190,5165.1886756854265
5191,3199.3090712481962
5192,13371.373049603171
5193,5517.389917388169
5194,51989.37627777779
5195,7884.754002372629
5196,49513.33789010989
5197,7446.341821428572
5198,5283.931555555554
5199,56500.11592207792
5200,43919.9425
5201,6128.709952380953
5202,3323.1455481601733
5203,4504.773216269841
5204,50723.81349025973
5205,2134.2586917388167
5206,4279.079006063382
5207,6695.512392496391
5208,5943.388103174603
5209,6021.647754329003
5210,2221.127740079365
5211,58469.96870634922
5212,5493.960285714286
5213,67218.57299999999
5214,17563.15794047619
5215,8461.094316197694
5216,5884.018784992784
5217,6311.469448412697
5218,2369.1653333333334
5219,2708.974011904762
5220,49127.69678174604
5221,60970.65166666666
5222,4384.9081964285715
5223,4881.420624278497
5224,4358.591279761905
5225,8868.311462301588
5226,4070.6854484126984
5227,3779.2035768398255
5228,70603.59690674602
5229,6687.7310941558435
5230,40486.26054581529
5231,59467.589859126965
5232,3431.2044284465533
5233,6014.62569949495
5234,8170.546605311358
5235,8686.612428571425
5236,12767.972874639256
5237,51585.64735714286
5238,8336.709464285712
5239,51902.13211886722
5240,4896.190226190476
5241,4321.596436507938
5242,9638.887187409811
5243,3020.7426684704183
5244,2995.61921031746
5245,2263.788574314574
5246,6112.035766774891
5247,5779.957312590189
5248,2576.933593253968
5249,60379.680625
5250,5363.696934523812
5251,10479.839662698414
5252,11206.26351096126
5253,10138.724729617605
5254,4314.433486111112
5255,5211.136859126985
5256,5719.471677489179
5257,49321.62312500001
5258,6562.765341269843
5259,63455.52869246031
5260,9017.881220238094
5261,53504.61571626983
5262,5449.939007756131
5263,2784.0560000000005
5264,6149.298097222225
5265,64406.09347619047
5266,12388.502466269843
5267,6765.043464285715
5268,61650.628125
5269,4172.818244047621
5270,4149.182299603175
5271,53645.95
5272,17037.48403625541
5273,5802.230412698413
5274,5838.986238636365
5275,43930.029573593085
5276,4259.874531746032
5277,4665.092250000001
5278,7769.5489841269855
5279,65821.3119047619
5280,5091.004632575757
5281,38927.15715873016
5282,5678.423107142857
5283,3095.8349384920625
5284,4219.552273088023
5285,6420.512663600283
5286,5767.867886002888
5287,7390.262267676769
5288,3618.789982142857
5289,11071.939531926408
5290,22625.70927976191
5291,5904.125166847041
5292,44280.0
5293,5501.257684163059
5294,2741.8221845238095
5295,9099.667535714289
5296,6347.510716450217
5297,54687.414000000004
5298,2589.4584384920636
5299,9167.604428571432
5300,72687.70546608945
5301,28774.464500000002
5302,4920.03518073593
5303,29156.25842857143
5304,47373.17955014429
5305,2267.4673452380953
5306,4702.701357142857
5307,47638.72658333333
5308,9045.829744949497
5309,5353.333607142857
5310,28292.321593253968
5311,54684.0
5312,6117.0352940115445
5313,33058.17875
5314,8459.230414682539
5315,5486.5382361111115
5316,16374.73897384561
5317,52864.88366486291
5318,53401.69
5319,3366.9120833333336
5320,9528.726998015869
5321,3766.04082936508
5322,3569.3397673160157
5323,13497.791104797978
5324,7120.843580808083
5325,3011.5163095238095
5326,46236.001732142875
5327,7627.16388131313
5328,4510.039333513709
5329,12964.057531024531
5330,69031.82577380951
5331,3076.6870337301584
5332,4434.939267857143
5333,4218.66595165945
5334,7248.276898809523
5335,4937.820431818182
5336,5361.617686507937
5337,9544.606166305914
5338,5974.552931998554
5339,73771.31366666665
5340,5330.073222222222
5341,4708.864045995671
5342,58653.607912698426
5343,13455.74154184704
5344,5899.745892496393
5345,3784.146305555555
5346,5012.353375
5347,6521.942755411259
5348,22166.466666666664
5349,5977.576228174602
5350,50295.75121230159
5351,14062.98792009379
5352,2877.936779761905
5353,28030.993166666663
5354,6805.8250081168835
5355,4907.918062229439
5356,11623.99350595238
5357,60422.33500000001
5358,72216.92998178212
5359,5385.252962301589
5360,13137.835246031747
5361,69867.42900000002
5362,55460.463602272735
5363,56959.07168055553
5364,9825.350486111105
5365,7140.460178571432
5366,5539.650137626262
5367,6164.716676587304
5368,2610.0000158730163
5369,3743.3527655122643
5370,77348.67824242423
5371,4695.805456349207
5372,59176.94747294373
5373,3205.6661183261194
5374,63338.18900000002
5375,54904.75375
5376,4935.030654761904
5377,58052.44313690477
5378,5574.7808264651985
5379,6349.562213744589
5380,8255.89843650794
5381,52717.55229166667
5382,53915.26582828284
5383,53317.08585714286
5384,8147.765238095238
5385,51851.55939484128
5386,6743.679554112554
5387,10929.924031746026
5388,3686.638512987014
5389,43178.010259920644
5390,7063.567964826842
5391,2360.2891071428576
5392,10784.527904761904
5393,32515.028410714283
5394,8744.648191738817
5395,71120.87990692642
5396,54365.93233333333
5397,43431.14438888889
5398,7317.860079365077
5399,3019.9795303030287
5400,1939.483312950938
5401,6407.798101190475
5402,10903.926511002888
5403,2793.8755892857134
5404,58521.08541666666
5405,49514.47813095238
5406,49725.0
5407,13846.870212121215
5408,5201.871317460317
5409,2897.198968253968
5410,4192.375214285715
5411,5892.648297619049
5412,8597.524088924964
5413,7198.219257936505
5414,6314.381140873016
5415,54673.63407936509
5416,7135.809244047623
5417,6394.975943903317
5418,6132.27951984127
5419,25282.79710714285
5420,8943.781878968257
5421,6246.090571428571
5422,5210.233753968255
5423,4932.644494227997
5424,63957.791591991336
5425,27929.42871428571
5426,7729.83030609668
5427,54626.696500000005
5428,46707.28455555556
5429,45683.85825000001
5430,48080.25350396825
5431,4573.368297619048
5432,46224.394222222225
5433,4754.777525793651
5434,5177.71164448052
5435,9639.681341269843
5436,2124.314619047619
5437,39099.30169642858
5438,55157.33448214285
5439,52591.41333333333
5440,5445.23946031746
5441,5490.98980393218
5442,4509.565041666667
5443,8535.941482142856
5444,11879.251888888888
5445,18547.96886147187
5446,7751.108086940836
5447,7173.626382395381
5448,12618.980960317456
5449,5160.323094877344
5450,4234.502251984127
5451,6984.711182539682
5452,4019.050244047618
5453,60402.816388888896
5454,9833.166797619044
5455,1954.541486111111
5456,5700.143656746032
5457,7844.292386904761
5458,7475.593152777775
5459,11140.463416819292
5460,5568.267912698411
5461,9608.334415223659
5462,5986.335619047618
5463,66639.9355909091
5464,6593.571507395378
5465,52089.825333333334
5466,3301.3652559523807
5467,53272.08404166667
5468,3039.2610555555557
5469,5658.645433621931
5470,5079.089916847042
5471,66595.68217857141
5472,49340.16132142857
5473,4165.086333333333
5474,4832.190263888889
5475,12999.384158730156
5476,6366.606979256853
5477,4731.045421176045
5478,53758.64826190476
5479,4603.780646825397
5480,51920.79711630037
5481,32346.486162698413
5482,9904.657958333333
5483,5225.54676190476
5484,7812.2493234127005
5485,5924.568357142858
5486,70355.81185858585
5487,7002.217240079365
5488,6929.228269300148
5489,7232.093037878787
5490,10278.910251984125
5491,56713.36011507937
5492,67428.7539301948
5493,43461.815348484844
5494,83130.5929036797
5495,11010.004090007213
5496,63206.398532647894
5497,6111.3222996031745
5498,60567.73236111111
5499,6844.557602813855
5500,58380.49655519481
5501,3944.2385376984125
5502,28777.814749999998
5503,6811.834027777779
5504,58793.663666666645
5505,8067.3918410894685
5506,52359.059375
5507,2160.379287698412
5508,56017.23925
5509,56869.265812409816
5510,53846.16882936507
5511,8377.02042857143
5512,6248.781666666666
5513,3241.805517857142
5514,5747.23805952381
5515,6689.787984848484
5516,57425.222779761905
5517,60474.75
5518,5629.744148809521
5519,4913.419678571428
5520,44454.14733333334
5521,4016.037714285715
5522,66740.36222222222
5523,42702.882003968254
5524,44280.0
5525,6533.3544206349225
5526,5287.7054285714285
5527,6389.989966630591
5528,6137.72926984127
5529,4544.903086219336
5530,4674.5878234126985
5531,6325.569428571429
5532,6379.547101190477
5533,12273.314503968253
5534,24044.957007936515
5535,2542.746416666667
5536,54819.733303571425
5537,5864.92227579365
5538,2398.1935748557003
5539,7124.458039973912
5540,60383.90854166667
5541,10578.829293650793
5542,27951.02114682541
5543,4679.967277777778
5544,60435.84475
5545,8508.14287391775
5546,10756.03976388889
5547,3192.199690476191
5548,8829.59089953103
5549,30350.971476190476
5550,2883.0498035714277
5551,4138.128392857143
5552,6407.970363095235
5553,6357.556845238096
5554,6319.776605158731
5555,4980.981095238095
5556,60187.14394823231
5557,3549.7002038239543
5558,5799.070078463204
5559,5999.6248982684
5560,75184.82820039683
5561,2491.460528388278
5562,6575.218935064935
5563,10011.206744047617
5564,12647.708705280833
5565,5362.875236111112
5566,2754.685
5567,6103.37891720779
5568,3144.5723277417037
5569,2574.8612211399723
5570,38142.322297619045
5571,43775.972288961035
5572,24085.696976190477
5573,65196.609008477666
5574,83977.43342857144
5575,6290.578348665225
5576,3225.214313492064
5577,37227.09032142857
5578,72603.78378354976
5579,42507.325
5580,6450.0
5581,54652.639888888894
5582,51920.227999999996
5583,62655.68644444444
5584,58303.62096031746
5585,5413.8256527777785
5586,5073.514591269841
5587,4402.574708333334
5588,25241.03860714285
5589,3524.4689880952383
5590,56658.82208333334
5591,4443.251039502166
5592,44832.24461237374
5593,6066.83280885781
5594,52459.72411255411
5595,57002.11683333333
5596,54679.01682142857
5597,65443.19116269844
5598,10506.437888888891
5599,40164.36739484128
5600,10733.313797619046
5601,63391.146413419905
5602,3826.0556765873002
5603,3642.7689494949486
5604,4336.835581349207
5605,5253.569702380951
5606,9308.690181637807
5607,14491.329341269833
5608,8176.532363095236
5609,4359.32886562049
5610,5026.760708333334
5611,2583.509107142857
5612,16839.448378787878
5613,2167.081262987013
5614,63830.766124999995
5615,9335.020384920637
5616,9935.1432231241
5617,4814.30126984127
5618,69689.11416163003
5619,59029.51236904764
5620,4486.2266666666665
5621,6373.04054383117
5622,71828.9008968254
5623,34259.72952380952
5624,5724.5984487734495
5625,1717.7853333333333
5626,3020.1933874458873
5627,24174.604146825397
5628,40126.781218253964
5629,48843.07370039683
5630,4960.048402777778
5631,61741.501524350664
5632,59907.230781746024
5633,41369.448333333334
5634,53994.276845238106
5635,1735.6608333333334
5636,5075.99082593795
5637,3151.426472582972
5638,60391.41666666667
5639,10273.458948412695
5640,53203.80250000001
5641,2791.5323844627583
5642,60257.97439357868
5643,55420.477345238105
5644,4265.141390873015
5645,5291.17025378788
5646,7826.031076839823
5647,5147.646964285715
5648,7165.173200937949
5649,33048.511439393944
5650,11712.251751984128
5651,43324.96758333334
5652,31012.1103452381
5653,5301.181326839825
5654,4854.018583333333
5655,48003.94776388889
5656,13547.994259920639
5657,44251.910178571416
5658,4190.860660714286
5659,60964.81094751084
5660,5544.216037698413
5661,36036.01129761904
5662,49462.39979365078
5663,4579.162611652236
5664,60226.922922619044
5665,59003.499484126965
5666,68634.61083333335
5667,7349.205823412696
5668,6885.245060064933
5669,12887.940086940836
5670,9852.568686507937
5671,10066.32901190476
5672,4249.845257936509
5673,68591.83866666665
5674,61469.4262936508
5675,61448.247976190476
5676,63619.20371717172
5677,80537.42913419913
5678,8374.435593253967
5679,8106.04491468254
5680,42356.528623376646
5681,38057.352
5682,19560.106225829728
5683,7506.373482142854
5684,53753.46713311685
5685,3065.863827380952
5686,6981.211547258298
5687,6203.194173340549
5688,6639.972987193364
5689,73457.26478318904
5690,4839.527257756134
5691,4196.209864357864
5692,2483.4850952380953
5693,4372.929561507937
5694,6660.26124404762
5695,4745.2351657647905
5696,1957.1208988095239
5697,13248.781703823955
5698,2922.1808457792213
5699,6352.627353174603
5700,60961.724
5701,61380.328521825395
5702,9079.173075216448
5703,7252.022908730158
5704,3412.1475496031753
5705,14212.597969696968
5706,6661.289858766232
5707,4822.701714285713
5708,63034.63763492063
5709,57026.60114285714
5710,4194.737193362193
5711,6742.5598591269845
5712,16266.11947313797
5713,2204.421071428571
5714,10182.524739718612
5715,4669.226197510823
5716,4209.2247519841285
5717,6886.281216810965
5718,2312.0071091269847
5719,64471.7345844156
5720,64272.41382142857
5721,8140.59717857143
5722,63738.36866269843
5723,51662.417958333346
5724,60396.0
5725,66287.47050090188
5726,2674.869479437229
5727,5598.0858793290045
5728,2515.8656298701294
5729,51703.69666666667
5730,50217.3375
5731,69785.12108333333
5732,24082.782809523815
5733,51450.814892857146
5734,5742.600815656566
5735,60438.077023809514
5736,7999.131720238096
5737,7489.196849206349
5738,46316.277388888884
5739,6092.858446608946
5740,59548.12524999998
5741,34336.01780555556
5742,4616.954162698411
5743,10893.353871031748
5744,38533.63672222222
5745,12617.321533730163
5746,2585.827404761905
5747,2408.8725
5748,2011.8138908730152
5749,7762.522972222221
5750,3667.6660967782213
5751,61772.13775
5752,5796.433192460316
5753,54731.10666666667
5754,12567.631099025975
5755,4408.483755952381
5756,5082.967819444445
5757,2845.8268452380953
5758,4347.266388888889
5759,6484.809083874458
5760,6665.691182178932
5761,4219.029634379508
5762,3702.197966269843
5763,6479.537452380954
5764,17664.057088564212
5765,4741.306459956711
5766,6911.579954365081
5767,6275.2538293650805
5768,51592.86866666667
5769,45872.4175
5770,35512.13623629149
5771,8583.049358405482
5772,5983.276013888888
5773,54008.488
5774,57505.766595238085
5775,51714.56
5776,9356.092176587297
5777,6712.707327533577
5778,6312.649067460316
5779,3184.853549603175
5780,8357.904936507935
5781,9449.019638888894
5782,60444.95330357146
5783,5954.682792388166
5784,5511.605861111112
5785,5133.403434523809
5786,6426.173765373513
5787,7981.183073412697
5788,23476.950428571425
5789,5712.267430555558
5790,7248.0111932234395
5791,5422.345285714287
5792,68506.40893235929
5793,3598.105277777777
5794,4005.3403115079354
5795,62440.19420202021
5796,82709.14181730768
5797,12060.449937409814
5798,46198.07821500723
5799,46236.275089285715
5800,6714.2822103174585
5801,3538.9952956349216
5802,13107.533611111108
5803,45304.67327380952
5804,5761.123433982681
5805,3081.884529761904
5806,6543.123648809524
5807,56578.206974206354
5808,2915.7384226190484
5809,2283.7084343434344
5810,53626.901845238084
5811,1607.6241587301588
5812,6315.33344011544
5813,6174.56301244589
5814,65558.24622835494
5815,2166.3149945887444
5816,8339.49511706349
5817,11955.641136904762
5818,4792.3359603174595
5819,16595.077112637362
5820,4760.61186904762
5821,54684.0
5822,6171.031806457431
5823,3002.490033549784
5824,4420.638974206349
5825,5702.693280247532
5826,8290.140941017315
5827,12394.28420650183
5828,5021.0714020562755
5829,29957.41989056776
5830,62532.922
5831,2957.839410714286
5832,11906.151710317461
5833,4370.75080357143
5834,3512.1938928571426
5835,4144.949205308581
5836,23999.97333333333
5837,8154.40101190476
5838,69470.90635768398
5839,3276.4055257936507
5840,5389.944124999998
5841,54125.512023809526
5842,13693.524149531026
5843,58566.52692261904
5844,3971.3294738455984
5845,4460.81688095238
5846,7824.0808069985615
5847,7861.670680555555
5848,3495.904282647908
5849,9186.216543290047
5850,14921.807731601724
5851,6716.929283910531
5852,3415.229428571429
5853,2517.841158730159
5854,53078.41730952379
5855,7857.46180555555
5856,3125.7411269841273
5857,4940.761556096681
5858,11775.387281746038
5859,4758.197234126984
5860,6397.678476190474
5861,8004.159281746034
5862,3003.512460317459
5863,4755.1573531746035
5864,45894.30046428571
5865,5378.08301785714
5866,15500.642152777778
5867,6341.053424242423
5868,52106.55766666666
5869,6200.885223692971
5870,56572.16071428572
5871,55935.77000000001
5872,58032.5882519841
5873,3179.3537882395385
5874,10888.425419191915
5875,6324.248280844153
5876,7311.858848484847
5877,9528.974504148628
5878,10905.431878968257
5879,6991.7058809523805
5880,7542.659558441561
5881,65644.5423611111
5882,4461.463525974026
5883,4724.1982207792225
5884,6397.667501623378
5885,6469.171561507937
5886,2340.521
5887,3406.0709401154395
5888,49545.986833333336
5889,63060.10275000001
5890,5100.366221320347
5891,3841.0575930735918
5892,5322.256000000001
5893,3351.2149940476193
5894,7979.105918650791
5895,17181.788839382833
5896,5780.626226190475
5897,3205.468791666667
5898,27863.484
5899,2490.308371031746
5900,6138.171109668109
5901,7174.598162698413
5902,24963.492023809526
5903,43085.85171825395
5904,3525.4015476190484
5905,8556.469767857141
5906,51695.009333333335
5907,53016.0859404762
5908,61049.19433333333
5909,56135.04
5910,63718.650019841276
5911,59587.45188131312
5912,5819.044452380953
5913,5179.494283272285
5914,5256.815753787881
5915,5063.573271825396
5916,62970.436011904756
5917,45325.7975
5918,2586.7927588106345
5919,51551.588777777775
5920,40589.33350000001
5921,70472.95683134918
5922,4696.805365079367
5923,6324.5917821067815
5924,3015.707981532357
5925,50447.306785714274
5926,4241.633604256854
5927,66731.27844841272
5928,4297.446331349207
5929,53072.67009523809
5930,6048.10011111111
5931,62785.58942857142
5932,6274.90942550505
5933,3335.529922979799
5934,11805.351962301584
5935,29591.44399603174
5936,4960.0606935425685
5937,2405.538430555556
5938,5587.672438492063
5939,5601.074670634923
5940,11110.707327380953
5941,10635.468170634922
5942,7605.212053751805
5943,6861.755486111111
5944,2326.7652797619053
5945,5781.1031863275575
5946,2069.68475
5947,15040.651177308804
5948,56221.3056111111
5949,14184.826886904766
5950,4960.0
5951,16198.798856060608
5952,6988.750013888889
5953,3326.9393452380946
5954,4186.962976190476
5955,63046.11532142857
5956,14155.848663600287
5957,5816.613982142857
5958,2231.6780595238097
5959,5509.733874098123
5960,5955.284728174604
5961,10092.67520995671
5962,3847.7412896825385
5963,2545.5076746031755
5964,41392.53791666667
5965,67917.91632142855
5966,5755.946071969697
5967,7958.642136904763
5968,41350.87197619047
5969,67527.43232738094
5970,57925.21926190477
5971,7587.379757936507
5972,5840.463595238094
5973,4979.025202380953
5974,51708.01714285715
5975,52088.43992857143
5976,5581.400814754692
5977,6007.35919642857
5978,23949.12281135531
5979,40964.69975241424
5980,54915.360654761906
5981,7238.047071428574
5982,11691.513160714287
5983,8855.90982738095
5984,47898.90579365078
5985,61895.49728661616
5986,52488.01342261904
5987,7242.363833152956
5988,5784.267710317457
5989,60319.364
5990,7092.019022186146
5991,60322.52226190476
5992,5908.201685939059
5993,13728.584062950935
5994,6511.192090187589
5995,6164.0915396825385
5996,50301.77999999999
5997,54979.08283531746
5998,56576.123172619045
5999,52413.8793313492
6000,47900.80424350649
6001,52782.368779761906
6002,2064.0078095238096
6003,4522.801420634921
6004,51582.15710750361
6005,4658.780047619045
6006,6588.053269841269
6007,69072.64107142857
6008,4469.029047619048
6009,44280.0
6010,33369.897202380955
6011,56722.89877182539
6012,5242.459736111109
6013,12307.52876875902
6014,4584.0801114718615
6015,47290.17962698415
6016,7056.863025432901
6017,6150.869107142859
6018,3471.160607142857
6019,4169.955624999999
6020,4803.728871753245
6021,47794.063272727275
6022,38185.484333333334
6023,3474.71125
6024,58233.97298214286
6025,55063.27063095237
6026,56752.832476190466
6027,6085.087294191923
6028,6455.0
6029,5989.634803571427
6030,62311.00620238096
6031,60702.26125
6032,6579.742879689754
6033,8685.865949314575
6034,46786.65998448775
6035,3583.733732142857
6036,3916.6759788961067
6037,5031.911851343101
6038,6606.600343253969
6039,4284.18306439394
6040,39489.25755158731
6041,5041.385398809524
6042,3906.1079146825405
6043,5551.693520021645
6044,61090.8818829365
6045,4364.864123015873
6046,3538.8897619047634
6047,8244.304924603177
6048,9891.788226190474
6049,17798.998388888893
6050,46946.792287698416
6051,60395.915
6052,6130.500589285712
6053,2596.170386904762
6054,4727.175748015874
6055,7771.262576104446
6056,12708.178942460323
6057,61603.353791666676
6058,10485.794316558447
6059,2200.8330904512154
6060,39267.49961904762
6061,60322.52226190476
6062,63153.801208333316
6063,61906.97173214288
6064,42401.92990476191
6065,4534.231371031746
6066,4170.8452604617605
6067,5870.512054029304
6068,34203.45492658729
6069,47475.19093452383
6070,45902.95257142857
6071,5337.079057900433
6072,61597.86949134199
6073,45720.67503571428
6074,3406.9820634920634
6075,53939.590337301575
6076,29746.99700000001
6077,12095.081785714287
6078,2391.1407109279603
6079,39499.0
6080,4314.383309523811
6081,5350.328409632035
6082,8000.747077380948
6083,2999.441613095238
6084,57158.359974025974
6085,33913.52119047619
6086,8418.884505952383
6087,4454.348920634921
6088,5401.54718452381
6089,14174.081733044726
6090,6022.724029761903
6091,5063.046374458874
6092,5910.426484126984
6093,11323.650355158738
6094,8403.497561507937
6095,3678.6933379120874
6096,45008.54377777778
6097,50879.24152380953
6098,14183.094537698415
6099,63949.86337499999
6100,62720.33111904764
6101,6047.250035714286
6102,19171.81882233045
6103,9296.617014790763
6104,3682.9690853174607
6105,2291.224468253968
6106,6590.651482142857
6107,6037.541202380953
6108,6181.619705627705
6109,1692.6464583333334
6110,55013.19625
6111,59137.55670979023
6112,49283.18461309524
6113,49832.42933333333
6114,6906.174912698413
6115,4331.002921356422
6116,6743.183115079362
6117,6077.400360653236
6118,53474.586159090904
6119,58256.485372835516
6120,5994.498073412701
6121,4965.178712301587
6122,5882.531682539682
6123,4274.606095238095
6124,34311.48763095238
6125,57221.46212500001
6126,8752.134194444445
6127,34668.218714285715
6128,6628.908234126986
6129,74892.85698881674
6130,14489.156608766243
6131,58692.25163961041
6132,5823.099086746589
6133,3756.102884920636
6134,5335.492207972582
6135,5153.277476551226
6136,15140.175696789327
6137,5805.248603937729
6138,42525.647000000004
6139,54608.0
6140,13504.505783910536
6141,64275.87892857141
6142,5051.373650432902
6143,22304.168253968255
6144,5927.0792817460315
6145,47198.18393849206
6146,4873.103523809523
6147,4831.382220238095
6148,66942.53404365078
6149,9406.208125
6150,49302.38666666666
6151,60450.5655
6152,42257.395333333334
6153,60768.16153571428
6154,69534.83634415583
6155,5970.904170634919
6156,42903.473
6157,5294.310097222224
6158,6621.158205808082
6159,7325.59580465368
6160,63287.69826911978
6161,41443.50161309525
6162,5972.795659992783
6163,4600.215525793652
6164,9220.298581349207
6165,6326.305666666666
6166,12761.16757142857
6167,3001.9642797619044
6168,8683.247852092352
6169,38222.93567424243
6170,53149.39920238094
6171,5482.880525419026
6172,2239.7199126984124
6173,10254.25635576923
6174,49560.941
6175,4083.8705580808078
6176,7568.538496031746
6177,57749.69024206348
6178,4330.338479617604
6179,6491.687041666663
6180,9387.353869505496
6181,4606.679615079365
6182,8879.358267857142
6183,16743.532152319905
6184,5394.291930014429
6185,7673.289166666667
6186,9788.151934884558
6187,3908.7535833333327
6188,9872.30922979798
6189,5943.997995851373
6190,49278.7323095238
6191,7893.189799603176
6192,7671.769658730158
6193,7432.758755952383
6194,28043.92375
6195,13280.285666305914
6196,7234.652812770562
6197,2472.366545634921
6198,4373.105239357863
6199,5541.11161904762
6200,12390.540565476189
6201,5000.394674242425
6202,11353.104795634921
6203,50059.9435487013
6204,8960.893712301588
6205,58541.10929761904
6206,9576.128693722945
6207,13638.301555555548
6208,11521.62681944444
6209,5760.040142857141
6210,5797.044144841271
6211,69292.20979960315
6212,37999.28
6213,3017.906630952381
6214,6395.435009920634
6215,4229.17222835498
6216,4529.0673964646485
6217,6482.65364484127
6218,8192.72031818182
6219,5144.063793192918
6220,4191.642458333333
6221,6433.132428571428
6222,39812.720293650804
6223,65768.50375
6224,6513.871392135641
6225,5347.916044191919
6226,52950.74133333335
6227,72581.70855555555
6228,38450.079613095244
6229,8404.217994588738
6230,68403.83124963925
6231,49725.0
6232,73215.26482142856
6233,5295.266662393161
6234,6144.404914682538
6235,5080.032033910533
6236,9280.96864285714
6237,5356.822416666667
6238,7490.780617965372
6239,46745.098722222225
6240,3187.157825549451
6241,56679.609730158736
6242,62703.12400000001
6243,56645.76103787878
6244,16092.542419080915
6245,39534.771250000005
6246,7538.941198412696
6247,3733.4280519480503
6248,12292.605438492068
6249,5879.178988636363
6250,4385.058001984127
6251,60510.8
6252,3478.79473394661
6253,3232.7510992063485
6254,38099.0
6255,44280.0
6256,6552.426642857144
6257,9080.212994269621
6258,47188.389825396815
6259,5143.23314592352
6260,8979.801053391055
6261,2770.4666668470427
6262,6441.205244047617
6263,6374.2021250000025
6264,55680.41822222225
6265,4777.1794821428575
6266,49207.0
6267,6594.001559523808
6268,4158.128884920635
6269,55371.176
6270,41472.50250396825
6271,22176.055999999997
6272,12546.83121825397
6273,5849.934630952381
6274,5818.85550270563
6275,4311.559832070709
6276,51817.0
6277,5833.178785714287
6278,14680.061771825394
6279,60196.38982738093
6280,1757.3671309523809
6281,24981.56125
6282,6678.6260019841275
6283,6104.734641774891
6284,11454.351880591636
6285,4463.836793650793
6286,3435.7058134920626
6287,10066.028295634918
6288,4676.758212301586
6289,3707.7737591991354
6290,54768.8131111111
6291,4518.745261363636
6292,2568.663648809524
6293,4313.881418650794
6294,5117.837912518039
6295,5432.194132936506
6296,49730.111500000006
6297,8606.283507756134
6298,6428.439321969697
6299,2730.0960198412695
6300,4675.231428571428
6301,5639.678590367965
6302,4872.280809523809
6303,60415.02333333333
6304,2939.600815268067
6305,4580.501960317461
6306,5132.988407106782
6307,3920.8285297619072
6308,5743.490671897548
6309,57234.87108333333
6310,9881.574785714283
6311,2722.725333333333
6312,16723.334301587296
6313,8067.0204512986975
6314,3493.995726190476
6315,4298.90335966811
6316,4861.62373337773
6317,3977.867253968253
6318,8579.33847420635
6319,2763.863633658009
6320,7056.543344336216
6321,2546.772942460317
6322,4582.207914682538
6323,41182.451875
6324,5971.712750000001
6325,52541.87871428572
6326,44280.0
6327,39499.0
6328,4742.047589285715
6329,58615.90126190474
6330,14071.55213888889
6331,69967.54481547618
6332,6577.379309523809
6333,49749.7375
6334,7796.521064754689
6335,9390.062020091022
6336,6443.792597222224
6337,13023.507355158732
6338,4796.020158730157
6339,4876.780055555556
6340,45662.55335714286
6341,5399.7580726911965
6342,59151.110962301595
6343,7352.572391594515
6344,5015.146161075038
6345,4815.898190476192
6346,67536.01828571428
6347,5414.75077164502
6348,6070.032749819625
6349,6751.600003427127
6350,23898.0
6351,36605.139126984126
6352,4010.913119949496
6353,6143.305545634921
6354,6073.132589826839
6355,2973.5147361111112
6356,4766.654960317459
6357,5312.097416666667
6358,65016.11515079367
6359,38025.8
6360,9587.424899350644
6361,64778.473198412685
6362,12894.584954365073
6363,22815.473742063492
6364,41083.677777777775
6365,45853.89833333333
6366,11790.175613095238
6367,2453.9230535714287
6368,52889.55516666667
6369,5302.321623015871
6370,2925.92814484127
6371,68358.93441720778
6372,4496.34730952381
6373,6029.890938672437
6374,4334.672800824175
6375,4591.7431746031725
6376,11729.895159271287
6377,5379.9660952380955
6378,7339.694374999999
6379,66031.52433333335
6380,5681.259093253969
6381,7665.100426587302
6382,8106.149166666666
6383,46419.469327380946
6384,7643.727906746034
6385,6659.670852453102
6386,2402.196273962149
6387,4828.119280122656
6388,3051.8508901515165
6389,1449.7399166666667
6390,4084.118200244199
6391,60260.0
6392,8457.285803751802
6393,4155.413589507716
6394,64120.07170634922
6395,6232.698543650792
6396,4541.954583333335
6397,6124.421490981243
6398,3953.389445526694
6399,44280.0
6400,6156.502354437227
6401,65914.139
6402,9363.898179029304
6403,4700.622950396826
6404,4489.048591269841
6405,13044.255446428571
6406,5882.001065476191
6407,4853.13495436508
6408,5835.046488095237
6409,8133.134430555557
6410,2717.287007936507
6411,49236.49698809525
6412,21972.94555357143
6413,1612.9407619047622
6414,44701.566
6415,55426.39626172442
6416,2439.9190773809523
6417,52719.4654702381
6418,62696.7172857143
6419,11807.590057539679
6420,39324.02848809524
6421,50746.18351984128
6422,54855.3768452381
6423,5454.687853174603
6424,3277.6912817460316
6425,3242.4222451298715
6426,69956.61652272727
6427,54218.60908333333
6428,7054.129946428573
6429,7842.971236652234
6430,45029.06396626983
6431,5509.442676587301
6432,9402.110419968918
6433,8656.00571031746
6434,7764.055311507935
6435,46194.235720238095
6436,4564.54476948052
6437,37002.305222222225
6438,11564.908020770894
6439,6177.494476190474
6440,61969.125944444444
6441,42744.84920634921
6442,7963.687224206353
6443,69779.98830555554
6444,4235.967940476192
6445,11895.536309523808
6446,4755.7671329365085
6447,44173.514636904765
6448,4677.1998769841275
6449,9752.848154761909
6450,56322.92537896826
6451,4584.895619047619
6452,7858.6052797618995
6453,13601.47423015874
6454,52724.65584126986
6455,6854.8928873626355
6456,11658.825013708514
6457,2482.5955416666666
6458,4010.0716309523796
6459,49745.42132936508
6460,51912.65942857142
6461,8699.94772222222
6462,4343.37785551948
6463,2565.301438492063
6464,3556.4970900072144
6465,36614.24888888889
6466,5647.021982142858
6467,14574.795882936509
6468,3161.4474707792215
6469,62885.4809904401
6470,9284.546964285715
6471,74304.91414285713
6472,3035.8638511904765
6473,68417.8629642857
6474,46634.68050595239
6475,6583.370789682539
6476,52667.797819444444
6477,6194.75636904762
6478,4481.350775793651
6479,2563.228940018315
6480,4636.741216269841
6481,14280.030709415583
6482,8522.462613095237
6483,49180.46211111112
6484,6461.19
6485,37985.0
6486,42055.57457738095
6487,71369.30337554112
6488,47745.542642857145
6489,60260.0
6490,4602.327680555555
6491,24181.824166666665
6492,48948.7571547619
6493,64937.57210515875
6494,38178.81117857143
6495,75324.60734992784
6496,4020.8962619047616
6497,8120.7190903679675
6498,40760.96469444444
6499,60502.323027777784
6500,4024.412107142857
6501,4934.35006547619
6502,6324.116947691198
6503,4436.2629226190475
6504,57273.22516450219
6505,68182.15323520923
6506,4532.168200396827
6507,4148.075835678211
6508,5214.815408105783
6509,5416.284480158732
6510,74324.41687175324
6511,4658.955023809525
6512,7187.776567460317
6513,4160.068336219337
6514,54895.661517857145
6515,44601.10830753969
6516,66126.30810515874
6517,59933.27763690476
6518,4244.0577101370845
6519,47239.341531746046
6520,7733.348410714286
6521,4492.891291056166
6522,61431.533231782116
6523,5057.512162296036
6524,14237.63610010822
6525,10898.31403769841
6526,4523.051249819626
6527,13236.627549603174
6528,5526.715753718504
6529,25338.61970238095
6530,2106.0891825396825
6531,9823.33510804473
6532,4654.000527777778
6533,7200.310549603179
6534,14349.859394841267
6535,4349.270428571428
6536,4637.574748917748
6537,12247.282972943722
6538,7513.812289682538
6539,57353.798345238094
6540,25170.39
6541,2441.479922619048
6542,12792.953276875905
6543,52087.07999999999
6544,48207.74828571428
6545,7104.960507034631
6546,5175.275428571427
6547,7903.449329365086
6548,6009.405246031744
6549,10141.535621031748
6550,57039.555905830275
6551,2158.265625
6552,3562.402194444444
6553,7272.3162543290055
6554,4058.2226944444437
6555,3184.659402777777
6556,5337.722946428574
6557,55049.00933333333
6558,4749.042821428571
6559,5532.399612914863
6560,5825.899422286049
6561,18451.6400335914
6562,4415.557795634921
6563,3552.974198412699
6564,5520.5816428571425
6565,8992.402748015877
6566,6248.490031746033
6567,52371.621285714275
6568,4781.735172619048
6569,4771.606337481963
6570,6737.987748015873
6571,6820.649720238094
6572,6612.183119047619
6573,42521.0
6574,12927.818947871574
6575,4075.764773809524
6576,6620.396906746032
6577,4804.786611832611
6578,3782.215244047619
6579,60290.43742857143
6580,6283.967178030302
6581,5069.135521103896
6582,5012.353375
6583,6024.559041666666
6584,2980.5540216450217
6585,3253.6142400793638
6586,59804.81823214287
6587,5681.737662698411
6588,10736.124216089464
6589,5408.795794372293
6590,27867.784
6591,2945.1747301587307
6592,56505.42583333333
6593,12362.015645743151
6594,53704.583914682546
6595,4178.693190476191
6596,31827.37509523809
6597,5573.023200577201
6598,32597.19521428572
6599,53278.453859126996
6600,5213.146447857697
6601,9005.707064033188
6602,56451.30883928572
6603,52541.605904761906
6604,22282.476333333332
6605,4815.734547619048
6606,54678.399273809504
6607,6276.290172619049
6608,13353.506485028858
6609,16506.419038961045
6610,8118.506492063491
6611,10685.556958152962
6612,69616.54651948051
6613,4946.290880952382
6614,7391.841966450217
6615,60588.20516504328
6616,4252.717099206348
6617,66568.124
6618,13806.520418650794
6619,21070.590047619044
6620,54840.26753571427
6621,14511.953119047617
6622,44273.40375
6623,60396.0
6624,14052.771400793647
6625,6097.13288059163
6626,2661.0106547619043
6627,4444.599582611832
6628,11244.511741161614
6629,8978.388202380956
6630,41281.07777777778
6631,7950.629678571427
6632,8021.822791666665
6633,5790.961001984127
6634,5781.370401695525
6635,7566.786755952381
6636,13320.481030303032
6637,8143.531047619048
6638,7098.542954365082
6639,7057.051943362196
6640,10325.689922619047
6641,33024.06403174603
6642,10702.086761904764
6643,5489.928928751801
6644,64373.80295436509
6645,5885.807204184705
6646,6505.373679834053
6647,20760.0
6648,6248.350386904762
6649,47649.99269047619
6650,5939.428210137086
6651,53693.71166865079
6652,14716.567263888883
6653,11711.357142857145
6654,5600.159932539682
6655,10096.583505411252
6656,45883.0
6657,62119.07061507938
6658,7144.978945818069
6659,12204.284428474304
6660,4096.298410714285
6661,5725.584438131312
6662,5670.937637806637
6663,5776.090167388166
6664,3488.524338924964
6665,1883.5738809523807
6666,63137.85655429294
6667,20634.48088879176
6668,6518.238946969697
6669,4142.439851190476
6670,6877.0817803030295
6671,6082.821202380952
6672,4410.300684704184
6673,5521.637549783551
6674,6069.72775
6675,7205.687687950939
6676,12258.47698069985
6677,5949.0
6678,16818.571836399715
6679,4930.9656091269835
6680,8937.822011904766
6681,7785.233732142856
6682,6328.206363095238
6683,52606.347244047625
6684,58553.45999999999
6685,65709.54643650794
6686,63105.68701984127
6687,50007.80783333333
6688,11513.05915277778
6689,2129.325287698412
6690,7210.843607142856
6691,4034.238941655565
6692,7085.200534992784
6693,6732.362271825397
6694,53547.623
6695,49214.9235
6696,6747.399958152957
6697,5949.0
6698,13603.356019660889
6699,60825.805559523826
6700,6859.679331349206
6701,3528.873054473304
6702,4041.1985436507944
6703,45319.92720238097
6704,11993.824639610388
6705,6139.4274478715715
6706,70560.97004761906
6707,6709.440535714284
6708,2927.6843124098123
6709,13644.125087842716
6710,23826.855
6711,46568.635740079364
6712,6404.992871031746
6713,71994.80969660897
6714,2960.763975579977
6715,49888.027112554104
6716,11111.431514610393
6717,4984.900912698413
6718,8506.841458874458
6719,3038.4012976190484
6720,6461.161658730158
6721,52598.938089285715
6722,54927.326892135636
6723,6132.15547420635
6724,44170.05
6725,49725.0
6726,8391.003288919412
6727,44159.02125
6728,65972.52153535355
6729,10286.287087842711
6730,54536.650857142864
6731,42566.463500000005
6732,4500.48175
6733,5155.228993506492
6734,2043.0203452380947
6735,4767.5738743895
6736,52855.2513154762
6737,17653.314375
6738,8920.413509920636
6739,52900.48396428571
6740,4707.027125
6741,22755.180007936506
6742,5161.626091269841
6743,50489.53650396826
6744,12951.612626984126
6745,4506.9619882756115
6746,3050.0657936507937
6747,5022.762347222223
6748,11672.08440873016
6749,55335.26342442276
6750,5655.926483585858
6751,6443.902124999999
6752,4239.0564265873
6753,5043.747111832614
6754,68243.57191197692
6755,3606.693358225109
6756,61167.59733333335
6757,3436.3312559523806
6758,9137.95301984127
6759,6426.901545815298
6760,4741.492146645021
6761,52740.13166161617
6762,5344.90066991342
6763,66244.59764285713
6764,9324.051662698412
6765,4252.630343253967
6766,51222.61935353535
6767,4249.214646825397
6768,14308.034940476191
6769,5175.367966810969
6770,49560.941
6771,4656.473688852814
6772,5775.477150946274
6773,3189.2814348845595
6774,49670.855
6775,60508.0
6776,41725.51033928573
6777,47549.140774891785
6778,6366.354333333333
6779,46374.52349801588
6780,51166.65282142858
6781,5433.475416666667
6782,4120.498722222223
6783,4959.6441693722945
6784,46106.60992857143
6785,5612.838865079367
6786,4186.770043650794
6787,6098.29598286436
6788,5752.575148809527
6789,7951.047946428572
6790,54740.53907142857
6791,47747.92311309525
6792,63329.425128968236
6793,6746.078793650795
6794,9084.25654816017
6795,70679.85257936508
6796,45906.3654702381
6797,5056.717823232325
6798,26329.09555555556
6799,3163.5338923160166
6800,65967.02101713563
6801,7894.539162698413
6802,60362.85666666667
6803,3647.0771289682543
6804,64188.19287301586
6805,4972.864288419914
6806,52760.215420634915
6807,7671.9699821428585
6808,46068.07866666667
6809,40177.93350378788
6810,6666.183394480521
6811,5244.045275432902
6812,8315.007993506495
6813,51711.15994444445
6814,6569.182738095238
6815,2509.5602103174606
6816,5172.776289502162
6817,60688.976091269826
6818,65876.81577380952
6819,5831.02908531746
6820,7640.818210678209
6821,3806.70630573593
6822,6217.911654761906
6823,8039.025490079369
6824,16022.387750721493
6825,5630.550233571983
6826,12976.75017207792
6827,50111.65797619047
6828,3021.933968253968
6829,5851.648409090908
6830,22441.829027777774
6831,15748.2635998446
6832,60224.375684523795
6833,7788.816183150185
6834,62801.7217579365
6835,3765.5929437229433
6836,2613.023609126984
6837,49990.13534722221
6838,13263.161726190474
6839,10832.262815476193
6840,6791.518880952382
6841,33361.40526028138
6842,3172.721543650793
6843,4668.052208333335
6844,3730.7988591269836
6845,59024.73280627707
6846,46557.22388888889
6847,49523.584916666674
6848,4389.307355699853
6849,59591.10454166667
6850,4481.604285714286
6851,53227.17833333333
6852,60396.0
6853,5839.819160714288
6854,6548.501053571427
6855,5951.1175
6856,60508.0
6857,7724.796996031747
6858,7176.40884848485
6859,3073.065996031746
6860,54017.69402380953
6861,11895.562741161615
6862,12396.134549603175
6863,51715.386095238086
6864,20483.08532936508
6865,4510.149023809525
6866,6422.177148268401
6867,6352.76389249639
6868,8345.740860750364
6869,5411.728849206347
6870,4499.773208333334
6871,5406.518732142858
6872,4569.664513888889
6873,38509.62864880953
6874,5067.778386724387
6875,85968.03175000008
6876,5270.444604929791
6877,49377.36309379511
6878,53745.472
6879,5169.531162337664
6880,13677.99217063492
6881,44991.17799404762
6882,47822.15168632756
6883,4856.430463023087
6884,2396.2736103896104
6885,8830.060430874677
6886,60844.059755952374
6887,6704.632327380955
6888,54976.73163095239
6889,4900.6136150793645
6890,11515.141827380952
6891,5591.95223124098
6892,5142.183052128427
6893,52243.36666666666
6894,85187.84544444445
6895,4031.8974613997125
6896,38903.47745436507
6897,3398.2754642857144
6898,5533.341092712844
6899,52228.6625
6900,8351.88928769841
6901,8556.89466053391
6902,78844.35612373735
6903,3305.8913825757586
6904,3513.7440039682538
6905,49264.543625000006
6906,61061.92987842712
6907,51844.35443849207
6908,4580.261150793649
6909,1773.3541666666665
6910,6022.726829365081
6911,5637.426595598843
6912,57844.40317983406
6913,46354.11163492063
6914,2124.584619047619
6915,2971.707303571428
6916,6321.286283730158
6917,3161.272748015873
6918,52728.55002380952
6919,8623.050904761905
6920,11044.106947691202
6921,6326.836166666667
6922,6409.7164574314575
6923,6574.7652803030305
6924,59850.41709343435
6925,32664.048511904763
6926,6996.526322691198
6927,6479.369633658011
6928,5192.097373015873
6929,6896.020882936506
6930,57927.90028571428
6931,5711.282978174601
6932,6809.743980158732
6933,55593.41940476191
6934,4147.579149350652
6935,11388.357512085135
6936,1813.2016130952384
6937,5637.210493686868
6938,53849.31004761905
6939,6354.626628968256
6940,44339.92
6941,4702.705037878787
6942,4478.5247023809525
6943,11015.10198088023
6944,5942.87611904762
6945,12675.332432178937
6946,45640.263000000006
6947,4271.729801587302
6948,52292.17166666667
6949,2474.408164696415
6950,4802.528589285714
6951,16741.523351190473
6952,56136.50608730159
6953,61707.934888888885
6954,9607.632460137085
6955,61694.18380753969
6956,8018.6442519841285
6957,5814.21086309524
6958,70654.3353531746
6959,5971.9
6960,13927.531484126976
6961,4037.2491845238096
6962,76560.09055772008
6963,5330.729551948051
6964,61379.17145238095
6965,5422.578577020202
6966,4203.130640873016
6967,41893.6696664863
6968,6586.566412698414
6969,67991.34601443
6970,9026.012095238093
6971,9461.414785894658
6972,63132.91278264789
6973,65794.31899603175
6974,54053.54355555556
6975,60978.0
6976,5558.621126984127
6977,6552.9126056998575
6978,27988.75630952381
6979,3012.6709329004316
6980,9198.815867063491
6981,4726.508683261186
6982,6427.5129285714265
6983,59462.98345202019
6984,7664.388718253967
6985,2865.6541006493503
6986,5278.57625
6987,11042.36898160173
6988,6973.637640873017
6989,6735.858805735928
6990,8139.357168650792
6991,61783.68159722222
6992,38432.316579365084
6993,6901.2944060245345
6994,14708.265208333332
6995,5285.0633345959595
6996,7354.296391594515
6997,5426.5297294372285
6998,3371.511779761905
6999,13907.645970238093
7000,54253.39416666667
7001,15542.197103896104
7002,74404.6778757215
7003,6030.709884920635
7004,6310.841589285713
7005,3077.311571608947
7006,17909.69379888167
7007,6453.011283730161
7008,72391.95734126984
7009,4493.201136904761
7010,54627.88
7011,4849.209232142857
7012,41734.842458333325
7013,42686.245950396835
7014,5183.976470238094
7015,40198.571964285715
7016,5265.710376984128
7017,8252.798115079364
7018,9699.40177579365
7019,65644.79806150796
7020,6341.72200793651
7021,6628.816219336219
7022,10859.76921825397
7023,6019.033890151515
7024,68197.11002777777
7025,14167.36019678932
7026,5605.379372835498
7027,14297.744979256859
7028,5537.988787698411
7029,6559.629716269841
7030,73168.10741666664
7031,4235.141858211235
7032,2081.044716269842
7033,6185.954160714286
7034,8533.747357142858
7035,6128.0766309523815
7036,6990.877793345542
7037,49717.04333333334
7038,5584.365532412032
7039,55019.44908333334
7040,38812.72957738095
7041,2261.406279761905
7042,3353.0501976911974
7043,56076.251416666666
7044,5451.374993867241
7045,5363.0228730158715
7046,27987.90625
7047,62660.899000000005
7048,52933.48419949497
7049,59080.07315277781
7050,18293.670974386714
7051,4225.859659632035
7052,53128.04214285716
7053,49146.242265873
7054,6570.723337301589
7055,5532.195726010101
7056,59564.557071428586
7057,6007.414312590187
7058,2538.5225734126984
7059,61143.26491071429
7060,33679.53308928571
7061,4795.519325396825
7062,3082.8910039682546
7063,5930.197946428572
7064,5297.657970238098
7065,9972.241726190476
7066,8724.375386002886
7067,5025.70972420635
7068,59710.56961111112
7069,38253.424269841285
7070,11802.683090367958
7071,46795.98751190475
7072,60508.0
7073,5682.659636904761
7074,9851.714871031741
7075,52095.577000000005
7076,59724.87244444444
7077,10311.8424265873
7078,3476.2937916666665
7079,6565.42912896825
7080,6036.94077579365
7081,5839.183891233764
7082,4857.41621031746
7083,49571.19049801587
7084,54558.895
7085,5819.0422285353525
7086,40731.970648809525
7087,7820.959993326117
7088,11394.649477813857
7089,61660.22107738094
7090,5431.334580988456
7091,10140.58102380953
7092,5643.058650613277
7093,4579.719468253968
7094,4504.444912698414
7095,6126.059257936511
7096,8635.380712273838
7097,6745.870468253971
7098,6750.673545815294
7099,53078.64106456044
7100,7557.77776587302
7101,4165.132730519481
7102,8144.694272366519
7103,3225.2378452380963
7104,75894.23688690476
7105,2851.1521785714285
7106,7953.24644191919
7107,3902.106841450217
7108,3933.152452380953
7109,12149.990061507935
7110,6169.379000000002
7111,11853.464077380951
7112,3009.465487914863
7113,57504.716495116
7114,6116.474075396824
7115,4633.600878968253
7116,5832.928386904762
7117,5864.770067460316
7118,63046.104075396805
7119,3312.8454953102446
7120,5029.667071428573
7121,73233.43356277054
7122,6225.20798015873
7123,4683.63068037518
7124,50938.798847222235
7125,9127.402501984125
7126,49244.89063690476
7127,6072.046976190477
7128,40386.79454166666
7129,57934.310333333335
7130,51867.59755753969
7131,10403.285592338214
7132,4342.291113095238
7133,13594.032928571429
7134,2818.2803968253966
7135,8642.096164682538
7136,24708.098384920628
7137,51687.81300000001
7138,57749.69024206348
7139,8693.540763888894
7140,54453.06769047617
7141,10104.343990079367
7142,59040.55217857143
7143,4331.463790404042
7144,9905.482722222223
7145,2618.0557559523804
7146,2412.870365079365
7147,44738.61083333334
7148,14291.660746933623
7149,8239.132123015872
7150,8531.380857503606
7151,9997.884656746033
7152,8211.671367063493
7153,2075.1116666666667
7154,6479.89104419192
7155,3618.4949781746027
7156,5356.411246753248
7157,4951.491125000001
7158,55100.44491666666
7159,20626.229724567103
7160,10226.574764249639
7161,12473.336424603174
7162,57830.55994841268
7163,3251.8139365079364
7164,7292.75636399711
7165,6381.125726190475
7166,15289.131511904763
7167,4517.839452380952
7168,6555.963372835499
7169,6002.23110660173
7170,61438.91775757576
7171,14941.111908730154
7172,5823.9239087301585
7173,60314.942598138
7174,15759.57568885281
7175,2399.695196428571
7176,4270.904229256854
7177,4828.804507936508
7178,5930.426992063493
7179,6166.025466269843
7180,49322.084857142865
7181,64037.73931709957
7182,8861.301148268403
7183,58000.159888888906
7184,8295.507708333334
7185,6663.846390692641
7186,62739.41175595237
7187,12478.33898809523
7188,5716.451088924963
7189,54075.421321428556
7190,4306.077042859918
7191,6504.211738095238
7192,2294.2393710317447
7193,5207.648543650794
7194,2929.858037157288
7195,5113.183805555555
7196,44307.98055627705
7197,13013.61170725108
7198,3080.913603896104
7199,64398.757011544
7200,6813.4590873015895
7201,4142.712521367521
7202,4200.888511904762
7203,3453.0155335497834
7204,4905.25312319625
7205,7275.049976190476
7206,5337.4583428932165
7207,54684.0
7208,5124.052904761904
7209,3071.0833174603176
7210,3935.0290515873016
7211,6257.363249999999
7212,6456.368351190476
7213,5382.8556446608945
7214,12289.035394841267
7215,63809.80251587301
7216,1615.523452380952
7217,44377.58
7218,6145.1240178571425
7219,5141.046506854256
7220,5663.95118452381
7221,59031.910188339454
7222,6184.787876984128
7223,6401.9567599206375
7224,5622.464287698411
7225,60942.13
7226,56971.71053968254
7227,4419.678412698412
7228,4223.9230770202
7229,70772.40068452382
7230,45781.00582142858
7231,7296.608196067822
7232,2474.903075396825
7233,3986.2880912698415
7234,9950.548922619048
7235,3733.2879682539688
7236,56876.35208928572
7237,54918.40774603174
7238,6252.146978174602
7239,6723.24875865801
7240,53569.766465367975
7241,3918.173523809524
7242,63552.04416666666
7243,56676.750666666674
7244,11017.978636904763
7245,54388.290039682535
7246,5804.0384047619045
7247,4961.043036435786
7248,49694.15119047619
7249,6607.568142857143
7250,53386.04764285714
7251,6761.580668831169
7252,54560.448500000006
7253,18430.135648989897
7254,59556.90580555557
7255,6541.970801046176
7256,9641.179076118331
7257,4384.401992063493
7258,4719.338177489179
7259,7161.153887626261
7260,4459.5183869047605
7261,54887.851777777774
7262,4386.558101190476
7263,79518.3962115801
7264,57010.976975468984
7265,7659.738456349209
7266,9865.123438811188
7267,5660.154124694751
7268,1700.0081666666667
7269,41861.5873373016
7270,65159.93101388888
7271,67738.84809126984
7272,54964.92589285714
7273,7948.534339285714
7274,4218.387077380952
7275,7821.914869047619
7276,83243.07727795816
7277,3373.6593035714286
7278,3384.8514742063494
7279,45257.0
7280,65730.10369444445
7281,5582.114486430239
7282,37547.13161904762
7283,4816.275112914861
7284,4431.246630952381
7285,41005.95396897548
7286,5790.902968253969
7287,8445.23809466922
7288,42179.48052380953
7289,3535.3175773809526
7290,61849.55292200856
7291,9022.026646825398
7292,60520.76970238095
7293,7657.930537518037
7294,4393.112884920633
7295,6979.486383658008
7296,3876.9932480158745
7297,43906.62850000001
7298,11727.21968452381
7299,32114.584583333333
7300,10136.83403968254
7301,3199.141565323566
7302,10544.143047619047
7303,7607.982999999999
7304,12106.985488095239
7305,5274.121817460316
7306,55563.87500378788
7307,14977.757344877346
7308,2577.651464285715
7309,7025.400568070812
7310,13148.713974206348
7311,5969.303994047618
7312,6710.452994047619
7313,5272.528599206349
7314,7071.454192640693
7315,53459.237132034636
7316,51919.821619047616
7317,55586.55648015873
7318,9867.922953102454
7319,60833.58494047618
7320,59565.322888888906
7321,5624.957890692641
7322,4383.60848015873
7323,10569.886174603174
7324,60187.0142857143
7325,49441.063880952395
7326,5673.706825757578
7327,5508.494948412698
7328,6414.819664862913
7329,9823.375759559884
7330,49553.0
7331,6012.697307539683
7332,60988.261875
7333,2615.921277777778
7334,6011.061110569982
7335,11603.839423881676
7336,19907.79718026418
7337,6199.025992063491
7338,6088.431206349209
7339,4495.883775793651
7340,11777.21381746032
7341,5983.575190476191
7342,4660.697629329003
7343,4181.392178571429
7344,67369.60389700579
7345,6520.395674783548
7346,7398.836703643577
7347,43828.92296031746
7348,5327.60062878788
7349,4032.4036316738807
7350,5908.928265151514
7351,14256.88263690476
7352,56514.81875
7353,61190.73679960317
7354,52135.74978021978
7355,10054.105910714285
7356,5520.063327380952
7357,23999.45166666667
7358,3697.3650608974353
7359,61486.18000000001
7360,14549.579515873014
7361,6832.612289321789
7362,5875.22651082251
7363,4497.771541666665
7364,6978.918441017316
7365,6105.527107142857
7366,4796.102277777778
7367,6391.757503427133
7368,64624.69091287878
7369,13030.252430555554
7370,3843.752795634922
7371,3314.3167983405483
7372,52864.83586201298
7373,38553.500166666665
7374,12984.326583333335
7375,6383.899140873017
7376,58138.765666666666
7377,5819.17021626984
7378,4834.004174783551
7379,52737.46510714287
7380,5772.691642857143
7381,72107.90215800866
7382,54717.932507936515
7383,51740.80042857142
7384,11334.445523809523
7385,8018.993172619048
7386,5633.242172438673
7387,6216.22214484127
7388,11946.761779761904
7389,4701.145892857142
7390,5755.144117063493
7391,64612.53709523806
7392,62036.431666666664
7393,5773.84890491453
7394,6858.546785714284
7395,7392.42242063492
7396,1482.6708591269842
7397,3527.3252719225206
7398,5614.880327741702
7399,50814.488714285704
7400,4492.117031746032
7401,42089.43986075036
7402,3553.57608531746
7403,5726.799970238092
7404,2290.559349206349
7405,61260.94163095238
7406,4602.015809523809
7407,5707.6406928210645
7408,3647.080511904762
7409,43550.753619047624
7410,8454.414382936508
7411,62240.3915595238
7412,8506.016652056278
7413,3982.2787539682545
7414,64563.236904761914
7415,4198.618869047617
7416,19271.097359862357
7417,6743.798985930736
7418,57281.81836111111
7419,4998.5360018037545
7420,6253.9691031746015
7421,2686.3058225108234
7422,5139.868531746034
7423,2640.576866966366
7424,7148.17197619048
7425,66260.82687301586
7426,18828.088958333334
7427,60260.0
7428,7717.676109126985
7429,63215.07897691198
7430,2379.688288961039
7431,7764.984565476189
7432,5169.481660894662
7433,10595.58675306638
7434,68482.20494011544
7435,5792.551060786436
7436,6266.46136670274
7437,11969.971914682535
7438,3036.651968253968
7439,16876.69054166667
7440,6074.745079365078
7441,12496.478129870125
7442,58737.76862896825
7443,5444.95309722222
7444,13452.341969877349
7445,6121.402384920636
7446,8157.36236778499
7447,72096.0950719697
7448,8242.375410714287
7449,6448.5640384199105
7450,6726.13319047619
7451,4926.764174603174
7452,5600.4397361111105
7453,2740.6853968253963
7454,57257.50797023808
7455,61066.2907261905
7456,5194.529246753247
7457,13569.17149188312
7458,48003.88075342713
7459,65974.05172619048
7460,2214.016613095238
7461,9144.300750541124
7462,11898.487888888887
7463,4074.428767857143
7464,45320.367357142866
7465,5219.367361291486
7466,1771.7525634920635
7467,63206.240509920644
7468,4365.64858531746
7469,3009.936200396825
7470,45412.304472222226
7471,2429.4931742424246
7472,57644.69723484849
7473,50396.440590909086
7474,14676.984300324677
7475,60441.911603174594
7476,6972.650238095238
7477,2516.563956168831
7478,33623.606649350644
7479,5631.509047619046
7480,3070.9186785714287
7481,5892.057728715728
7482,7242.5389583333335
7483,2424.5305337301584
7484,8291.209622100121
7485,9745.129472222223
7486,3952.842101731603
7487,8255.525692460315
7488,74481.70260515873
7489,6049.975814484125
7490,47042.66880357143
7491,2464.292716269841
7492,56897.65133134922
7493,6870.708505411258
7494,8261.474117965368
7495,5855.961942460317
7496,5822.144837301587
7497,5799.5035674603205
7498,4835.964305555557
7499,6184.4845000000005
7500,6406.4900257936515
7501,13471.157406746033
7502,10245.163894841271
7503,44280.0
7504,55709.3354047619
7505,5490.421952380956
7506,41064.0
7507,5116.066661630036
7508,6439.86
7509,52293.35
7510,38069.796
7511,38334.19866071429
7512,3764.1114603174606
7513,64670.66351785713
7514,7674.761314810188
7515,56040.00308333335
7516,4542.530473484848
7517,36494.46719769121
7518,34368.25397619047
7519,3043.096335317461
7520,10888.802979076483
7521,65507.7056884921
7522,6211.606980158731
7523,51731.18
7524,33216.46497546897
7525,4485.983095779219
7526,5385.945093253969
7527,3566.3220508658014
7528,59906.4624345238
7529,32806.78892857143
7530,6619.47128373016
7531,52937.061158369404
7532,40871.12862229437
7533,5226.314954365079
7534,5514.6647940115445
7535,55937.27705952381
7536,7057.278535714287
7537,5987.672724206351
7538,6352.752200757576
7539,58773.855829365086
7540,62246.165642857144
7541,6243.933488095237
7542,4854.585859126984
7543,67622.68640151517
7544,3782.148438492064
7545,30239.173333333336
7546,57772.912111111116
7547,2512.025613095238
7548,3533.458642676769
7549,4513.215279761905
7550,4442.396130050507
7551,47281.23297619048
7552,6434.31
7553,49563.71576190473
7554,5559.710675505052
7555,49779.567914682506
7556,5921.401823412699
7557,5895.884680194806
7558,4954.596379689753
7559,41352.910313492066
7560,4462.99786940837
7561,2268.3120000000004
7562,2421.0323690476193
7563,4371.179610750362
7564,69643.43454545455
7565,11685.713548520924
7566,5351.075058080806
7567,6322.097166666666
7568,84175.55783730159
7569,5454.409436507935
7570,8860.486013888883
7571,5454.481345238094
7572,56568.16673809525
7573,57120.15788744589
7574,58602.9831170635
7575,10035.527981240984
7576,44196.36
7577,4611.712130952381
7578,7449.901626984124
7579,4742.70111904762
7580,6244.706950937951
7581,6855.097438492064
7582,51703.69666666667
7583,58501.59333333332
7584,52963.3685
7585,10766.015386002884
7586,5091.934639971139
7587,5457.829723124097
7588,6879.917761724388
7589,32817.37973809524
7590,41470.170793650796
7591,3334.189353174603
7592,12716.910714285717
7593,60770.185
7594,4861.5993015873
7595,5766.7135119047625
7596,4489.097982503607
7597,6387.733519841269
7598,9949.107285353535
7599,8250.83735515873
7600,60487.87557738097
7601,44280.0
7602,72824.5791527778
7603,4697.159232142857
7604,9713.545457611832
7605,58933.90957142857
7606,6218.060440476191
7607,39707.88308333334
7608,11851.928336760458
7609,2998.2856329365086
7610,6220.0634830447325
7611,57318.38660786434
7612,44022.178791666665
7613,73730.71682142853
7614,15336.32278156566
7615,8811.498148809518
7616,54684.0
7617,2954.8453452380954
7618,3000.587119949495
7619,6222.030455266956
7620,50189.57677020205
7621,65505.80674999999
7622,76918.48739430017
7623,11339.41408333333
7624,62603.165357142854
7625,3735.1415535714286
7626,64030.727515873004
7627,7190.307101190477
7628,8772.837925144298
7629,50216.654214285714
7630,49795.22443055555
7631,5783.688417388168
7632,15872.145683261191
7633,5950.5006845238095
7634,55793.377351190466
7635,12608.302196067822
7636,5949.939819444445
7637,4155.32882792208
7638,6833.914872294372
7639,10483.44522420635
7640,10046.06142063492
7641,5359.246369047619
7642,41227.64841666667
7643,4533.321912878787
7644,53151.66415476191
7645,45854.6232231241
7646,6980.027602453105
7647,57418.265858225124
7648,12717.413057539681
7649,4216.002248015873
7650,8347.999023809523
7651,11614.448204365082
7652,41480.75083333333
7653,3572.4337341269843
7654,6399.314626262626
7655,10714.521215909092
7656,65713.49079761904
7657,3554.734107323232
7658,9104.054392857142
7659,10564.299376984129
7660,54134.754965728716
7661,6605.404160714285
7662,10240.125261363639
7663,5937.942093253968
7664,4626.096529761904
7665,6100.374738095237
7666,3775.6475912698415
7667,5657.249140692642
7668,11348.733090187588
7669,4617.808470238096
7670,17980.417008297263
7671,13332.74131547619
7672,5962.47106691919
7673,8771.831637626265
7674,59953.34794444444
7675,6803.822575036075
7676,6806.1975555555555
7677,57162.466031746044
7678,11880.948404761903
7679,5891.50782647908
7680,44378.24800000001
7681,7475.2853611111095
7682,4983.390091269841
7683,51199.70850793651
7684,9368.119542735041
7685,7738.678392857146
7686,69840.17464646466
7687,5598.87390674603
7688,4497.958214285714
7689,67185.50341666667
7690,7854.554125000002
7691,2243.4135
7692,3467.0265496031743
7693,7097.416994769118
7694,7429.474321428573
7695,4590.197160714288
7696,6661.582876984128
7697,5746.903910714286
7698,3200.239736111111
7699,63813.467117063534
7700,1757.5200277777776
7701,8339.208736471865
7702,55744.76699999999
7703,2852.538136904762
7704,6641.591241522371
7705,5881.862851190476
7706,6195.032416666667
7707,61823.56912963425
7708,44376.57837698412
7709,8832.736849025974
7710,5545.3491904761895
7711,2124.0
7712,7096.891259920634
7713,35756.23791071429
7714,51817.0
7715,66015.61666666667
7716,8029.253828074701
7717,2660.7084107142855
7718,4432.821507936509
7719,5134.735495310244
7720,10304.628819444442
7721,4004.016875
7722,56776.528640873024
7723,6627.151777777781
7724,46139.07257738095
7725,6197.712047619044
7726,4125.083971139972
7727,9297.666786338661
7728,51817.0
7729,11288.716967893219
7730,66211.39628769839
7731,7744.826339646466
7732,5944.821206349207
7733,5430.220846153847
7734,3615.752311507936
7735,5210.132446608946
7736,6236.096458333333
7737,66085.17233333334
7738,23824.41297619047
7739,53357.73913888889
7740,9738.478527777783
7741,6361.157140873016
7742,4690.878823412699
7743,55295.24578571429
7744,79657.554406746
7745,63258.74261742425
7746,2087.221825757575
7747,7361.656773809524
7748,2710.637483405483
7749,5894.971101190475
7750,66648.972
7751,11631.990723845605
7752,38150.21542857141
7753,5054.34020238095
7754,5271.356048881672
7755,51936.87345238096
7756,15706.386918650787
7757,6457.451596861473
7758,5072.654524170273
7759,3485.2537777777766
7760,6402.299829365079
7761,2196.1997738095242
7762,4215.132231601733
7763,2775.5511746031752
7764,5027.137678571427
7765,12785.36064087302
7766,6210.246115079365
7767,10469.484274350652
7768,4977.309267857143
7769,4625.357803571428
7770,12299.412650793649
7771,22218.2275
7772,66459.3748095238
7773,51573.9335
7774,5266.699021825397
7775,6673.887232142858
7776,49239.59083333333
7777,9356.841996031742
7778,4462.072521825397
7779,67466.05509466925
7780,5390.111771825396
7781,60975.315
7782,4252.638771825399
7783,43398.62938888889
7784,11598.63354491342
7785,5622.533830627706
7786,50007.94015205626
7787,6647.510807539683
7788,10862.37608531746
7789,60474.75
7790,10953.588108044725
7791,4630.886424603174
7792,49749.7375
7793,64487.106297619044
7794,5936.594394660895
7795,10027.970738095235
7796,3408.1310555555556
7797,6662.483941433569
7798,4529.382774170273
7799,58711.06273611112
7800,4504.423666666667
7801,6660.025880952383
7802,6218.809785714286
7803,65202.259904761886
7804,2082.579166666667
7805,6658.9203510101
7806,5157.400023809525
7807,11559.876750000005
7808,70313.89727380958
7809,85597.72188365803
7810,16172.367013888888
7811,5095.854934704187
7812,6051.849005952379
7813,14133.216956349215
7814,3170.3863353174606
7815,4439.919571428571
7816,37178.97874206349
7817,53116.89258333333
7818,57128.94139682539
7819,9263.43810660173
7820,9621.527904401155
7821,6052.30113095238
7822,5862.514700396825
7823,4390.588583333335
7824,48330.38504166666
7825,4966.1463993506495
7826,4832.337218434345
7827,6558.120126984129
7828,6347.55911038961
7829,7470.051587301586
7830,6259.498753246753
7831,11263.826708333334
7832,8892.55831547619
7833,33076.900276695524
7834,69203.32716666667
7835,7596.754896825397
7836,22151.897142857146
7837,5863.50516819292
7838,5548.914662698412
7839,4325.137595959597
7840,5129.595352633476
7841,26575.6800515873
7842,39729.461166666675
7843,3778.7938333333336
7844,10262.485650252522
7845,4579.720148809525
7846,6600.120511904763
7847,8897.398617063493
7848,54235.87640476191
7849,13339.633275072147
7850,6369.8913145743145
7851,9782.104191738816
7852,55284.55383730158
7853,12345.826837301587
7854,12969.756948051943
7855,6805.870353174603
7856,5188.650113455988
7857,9687.169391122765
7858,54475.13720238095
7859,5963.537916666666
7860,5330.300882936505
7861,3527.926643717394
7862,2172.685246031746
7863,68546.28622077924
7864,6014.79235624098
7865,7371.910107142859
7866,64919.96747222221
7867,4453.723402777778
7868,3892.6879940476183
7869,6616.576619047619
7870,5488.078496031746
7871,5707.829942002443
7872,45721.03733333333
7873,6580.395900793653
7874,71107.7965595238
7875,44280.0
7876,65622.74875396826
7877,2781.974418151293
7878,12608.390340909096
7879,5397.8478829365085
7880,61867.27628571428
7881,55368.459738095225
7882,47205.784295634934
7883,9725.434787698416
7884,55784.59561904762
7885,9919.819591269837
7886,4736.332442460317
7887,17613.493092352095
7888,9742.324985028858
7889,7533.6060652958195
7890,51693.628
7891,3874.1004722222215
7892,6133.276420634921
7893,63945.41408333333
7894,61926.06564285715
7895,56617.546630952376
7896,4932.702253968253
7897,4591.0754503968255
7898,7178.989626678878
7899,4486.570410173161
7900,7683.990138888891
7901,2604.5947896825396
7902,2744.776843253968
7903,4756.643339285713
7904,5144.0349314574305
7905,52427.88513095238
7906,5198.954292027417
7907,5702.776662878787
7908,7863.443259379511
7909,52052.15916666667
7910,6877.812591450214
7911,45416.92261904761
7912,10853.209595238093
7913,58953.06208333332
7914,8001.497255952384
7915,7244.576150793653
7916,2343.71125
7917,3783.9159523809544
7918,37192.61385714286
7919,4461.6745634920635
7920,50264.345166666666
7921,4686.123278138528
7922,38373.488843073595
7923,3768.340888708511
7924,6782.580508838383
7925,6369.57559126984
7926,4604.027017857143
7927,5953.0075
7928,54595.1008968254
7929,4513.092339285713
7930,58608.65987301589
7931,3275.2663174603167
7932,3210.535621212122
7933,12162.38097420635
7934,28030.993166666663
7935,44280.0
7936,6945.505765873017
7937,4159.376202991454
7938,5799.0143277417055
7939,4566.356255772005
7940,8503.569397727271
7941,6067.0
7942,62347.48545421247
7943,11393.086831349205
7944,59732.20191666667
7945,11591.433855158724
7946,1930.8723432539687
7947,6744.801063492063
7948,38565.66622023809
7949,45636.30782359307
7950,2339.313950396825
7951,3629.3080000000004
7952,6074.846394841269
7953,9408.467932539683
7954,5784.097827380952
7955,41274.61120436508
7956,56714.563775072136
7957,6842.745968253972
7958,6821.649821428571
7959,4494.183559523809
7960,4499.010774801586
7961,3343.1741208513704
7962,46484.64573124098
7963,39861.91690079365
7964,6150.089648809522
7965,37791.31899314574
7966,6557.442928571428
7967,6038.508537698415
7968,64282.696501623366
7969,51817.0
7970,66234.33196428572
7971,6127.741978354978
7972,5770.333408730159
7973,10002.383779581533
7974,62521.36
7975,43686.03553571429
7976,9986.073083333333
7977,16778.549897546898
7978,55757.699073412696
7979,4201.56094047619
7980,54872.539375
7981,67715.13363636364
7982,6408.685066558444
7983,4315.52614484127
7984,48101.70837698412
7985,5365.66247420635
7986,58616.79594372295
7987,18391.447994047616
7988,44133.945583333334
7989,4320.677166666666
7990,8698.544352633475
7991,5311.060445165947
7992,51539.96426388888
7993,3904.83776388889
7994,4795.64598015873
7995,34140.129031024524
7996,5574.961438492062
7997,4729.0711249999995
7998,4702.6437718253965
7999,45843.564216269835
8000,6269.803849206351
8001,6477.769088203462
8002,35832.84357539682
8003,38123.05125
8004,4493.290351190476
8005,4544.698081349206
8006,55426.6
8007,6151.311380952385
8008,6520.958624819622
8009,10995.781200396827
8010,62801.627365079374
8011,4970.501875
8012,5814.121809523811
8013,5518.975428571429
8014,23937.788642857144
8015,57414.89801785714
8016,52993.693808080825
8017,5983.126744047618
8018,6035.150988095239
8019,11392.33042460318
8020,38332.129
8021,11624.135024891777
8022,4546.46961904762
8023,2856.495518398267
8024,6343.239630952381
8025,52129.65902777778
8026,64961.66977777777
8027,4384.805279761905
8028,47303.44598214285
8029,50520.80186111112
8030,68323.40538888889
8031,61404.54981637805
8032,4481.946404761905
8033,6356.336704184703
8034,5860.2116230158745
8035,5574.8110654761895
8036,9155.356751984125
8037,6150.455514069264
8038,5088.46968452381
8039,68334.31100396827
8040,3736.017617063493
8041,39629.50240476191
8042,8122.108450396825
8043,6333.011761363637
8044,55374.89334523809
8045,6189.209815476191
8046,4105.156713800088
8047,13636.897688492067
8048,56439.0095
8049,60783.933222222215
8050,55348.198000000004
8051,6130.010771825399
8052,45443.31158369409
8053,8533.099023809524
8054,2646.9851311327566
8055,62620.01515277775
8056,6132.7409067460285
8057,52927.53585119049
8058,72210.67886904761
8059,72803.57410515874
8060,3163.2029146825394
8061,12450.354457070704
8062,6968.2508055555545
8063,3516.9337249278506
8064,4643.774337301589
8065,51825.257750000004
8066,2780.8777738095246
8067,5811.6834491342015
8068,63099.44438383839
8069,6243.352853174603
8070,53295.35378571428
8071,7236.304737373738
8072,63714.11419444447
8073,52347.83485714286
8074,34482.83362409813
8075,10298.235851190475
8076,5773.574148809525
8077,6817.240037698414
8078,11845.67102777778
8079,7714.080801587303
8080,6121.548158549782
8081,7008.254729437231
8082,9135.945819444443
8083,10539.977412698414
8084,13967.360456709956
8085,66542.17081998556
8086,7697.630431637808
8087,3820.2032092352083
8088,6589.84197222222
8089,58283.8387857143
8090,53568.60295833332
8091,5157.6971489899
8092,14642.414875721499
8093,2545.1324682539685
8094,58024.581
8095,4901.08428373016
8096,6269.7628690476195
8097,6056.1553481241
8098,5146.335882936506
8099,58593.33005555557
8100,5946.182012057387
8101,12942.14996284272
8102,5253.083231782105
8103,6346.188359126984
8104,2857.082549603174
8105,4754.5809146825395
8106,40210.440695054946
8107,3677.302095238095
8108,5981.094583333333
8109,6445.870933441558
8110,4553.040005952383
8111,4226.250896825396
8112,5551.718105158729
8113,5252.502410714284
8114,8450.612338369963
8115,40478.56964743589
8116,40267.989099206345
8117,2784.9724327200584
8118,6576.227164682538
8119,11789.394168650791
8120,50980.138799603184
8121,13565.089753219
8122,8078.670460317462
8123,6467.036628607501
8124,31448.583765151514
8125,51901.589981060606
8126,2290.5232321428575
8127,5102.620490079367
8128,4803.182458333331
8129,46185.88248809524
8130,4514.5524166666655
8131,2796.4907400793636
8132,2130.174880952381
8133,62773.140777777815
8134,57749.69024206348
8135,51585.63949999999
8136,22152.0
8137,11557.18013852814
8138,12351.157930555555
8139,15408.859975205352
8140,61570.4499781746
8141,8769.052605158731
8142,14695.023583333334
8143,15778.321924603184
8144,40488.121218864464
8145,12732.196644300146
8146,4406.539598214285
8147,4398.319273809524
8148,66428.65589880952
8149,5335.191882215006
8150,10987.954270451768
8151,65373.04396825397
8152,7710.588636904763
8153,60446.78916666667
8154,60020.33377777776
8155,4282.775422619048
8156,9111.132819444443
8157,3930.5923293650803
8158,62850.026999999995
8159,66726.1567420635
8160,2838.3731587301586
8161,60203.132388888866
8162,7008.7332348484815
8163,7403.5492422438665
8164,9420.142232142856
8165,74998.96226785713
8166,22201.1290952381
8167,23319.724821428572
8168,57623.80245436508
8169,69292.6606904762
8170,7568.447363095239
8171,2451.7111984126986
8172,4149.210237179488
8173,51050.5307202381
8174,5675.822057539682
8175,2858.5478111471866
8176,4245.368672799424
8177,44144.0
8178,7649.9533703102425
8179,6175.50129491342
8180,28458.098249999995
8181,3173.7041664862904
8182,53107.40761904763
8183,6347.939168650794
8184,8402.941725649347
8185,4223.935788059163
8186,3004.0629696969695
8187,8093.761937409814
8188,6981.970155483404
8189,56270.809333333345
8190,60402.694035714296
8191,5946.698827380952
8192,9025.948172619048
8193,5044.041051587299
8194,3778.89478373016
8195,62051.73398863636
8196,3086.378642857142
8197,2417.269894841271
8198,6273.882922619049
8199,9998.097347222225
8200,5111.640704365077
8201,4348.461496031747
8202,4556.5785245310235
8203,6514.411081349207
8204,1699.5135079365075
8205,13389.161739177489
8206,6452.004211940839
8207,6719.201291125545
8208,4453.509867063491
8209,58923.725333333336
8210,7597.263714285714
8211,41344.405
8212,3039.821073412699
8213,6982.93540458153
8214,56649.297464285715
8215,5794.3640674603175
8216,2923.0308295454543
8217,52948.13647727273
8218,6263.187638888885
8219,68823.32837031022
8220,1605.2959642857145
8221,12740.8240297619
8222,6325.781549603173
8223,4650.614535714287
8224,52242.3239761905
8225,6498.390966450216
8226,7837.3128888888905
8227,46518.85350595238
8228,4427.416515873016
8229,4636.255761904763
8230,56451.290537698405
8231,9493.475730158729
8232,62363.35543452382
8233,7938.112307539681
8234,7642.963001984129
8235,4356.20772014097
8236,60289.08341666667
8237,1503.732240079365
8238,2826.127111111111
8239,2207.775153388278
8240,5573.373226551225
8241,6626.928184523811
8242,4222.006797619047
8243,4216.062656746033
8244,4317.098928571429
8245,7153.149912698416
8246,3457.573666666666
8247,13136.147033910536
8248,4856.101964826839
8249,5437.372388888889
8250,4117.110992424244
8251,7976.512009920637
8252,4346.225444888446
8253,5005.170617965368
8254,67887.45979816017
8255,74688.67245238095
8256,61233.417434523806
8257,5943.598982142856
8258,16825.563015873024
8259,57374.25985714285
8260,54316.73952380951
8261,57599.26261904762
8262,6175.4709722222215
8263,6471.823237554112
8264,45974.57485822511
8265,4729.457244949495
8266,67826.42777777778
8267,67804.16177777779
8268,6911.412267857143
8269,32985.75975
8270,55036.00666666667
8271,6240.057895021646
8272,11094.386676587304
8273,60331.323448412695
8274,6772.688515873017
8275,2672.1756210317453
8276,4470.145456349209
8277,9861.435250541128
8278,57615.01604797981
8279,4237.935343253968
8280,3099.4496011904757
8281,10382.775738095243
8282,7186.054133116883
8283,5156.618541666668
8284,5076.9942871572875
8285,8712.644435245309
8286,57676.13690079365
8287,69643.02905158732
8288,10488.505272005774
8289,68023.75463492064
8290,6394.587383477632
8291,8411.933650793651
8292,4831.868428571429
8293,12529.14546825397
8294,3423.85861904762
8295,6807.465119408368
8296,5972.141660714286
8297,42562.628777417034
8298,5743.098688492064
8299,6795.223272727274
8300,3279.695940836941
8301,9868.414035353537
8302,3152.9200277777786
8303,38390.89233333334
8304,6338.973619047619
8305,1759.3775238095236
8306,8335.381753968251
8307,61267.67617929293
8308,55283.93035714286
8309,5652.554728174603
8310,4487.031438311688
8311,41351.711875
8312,12256.848091269841
8313,2434.9974583333333
8314,3473.3997361111105
8315,50092.78110119048
8316,43917.35359686145
8317,11185.729170815295
8318,51628.049636724376
8319,4804.520166125543
8320,6094.330706349207
8321,10437.628873737374
8322,3997.0674107142854
8323,5386.513751623375
8324,4591.454540945167
8325,5584.107041305916
8326,6286.659148809525
8327,52287.0
8328,4482.738220238095
8329,5807.570269119768
8330,7561.801187770562
8331,7232.675702561329
8332,5248.752652777778
8333,47649.71251190477
8334,63193.097813492066
8335,6463.719569444448
8336,6122.4722754329005
8337,62957.38587283549
8338,6743.838355158729
8339,60385.94158333333
8340,8337.61413690476
8341,5344.330035714286
8342,2540.9820873015874
8343,5369.321059523809
8344,44785.926162698415
8345,3956.796011904761
8346,50173.613999999994
8347,4819.013870310245
8348,5337.079057900433
8349,5954.918654761906
8350,12731.678644841271
8351,6032.923952380955
8352,2919.2614345238094
8353,68759.93281746033
8354,50151.8244047619
8355,2464.5194761904763
8356,65947.72447564936
8357,10034.229534992788
8358,7591.3594325396825
8359,51906.78706709956
8360,75303.10234126984
8361,5184.6751785714305
8362,62918.20164285712
8363,5574.660581890332
8364,4874.0873988095245
8365,54801.5841547619
8366,4112.007569444445
8367,10355.116555555556
8368,37466.69425
8369,4272.736212662337
8370,14310.960753968258
8371,4519.269136904764
8372,32220.9529047619
8373,5322.0
8374,5067.516422619046
8375,6988.035464285715
8376,45485.33332449496
8377,5212.496967712843
8378,4312.957278679654
8379,1605.3734047619046
8380,3220.893779761906
8381,52304.17522023808
8382,7293.405485389611
8383,56134.59575
8384,56012.92333333334
8385,67484.22580158728
8386,59233.408309523824
8387,50564.9526547619
8388,63775.77234722223
8389,20357.389545454545
8390,54977.332313492065
8391,10319.65266955267
8392,12314.378109126983
8393,60493.515
8394,7440.573666666666
8395,6195.095171717174
8396,4118.036659090909
8397,3549.5620059523812
8398,48711.995948412696
8399,4938.387668650794
8400,4550.203498015871
8401,5285.674652777779
8402,3518.721700757576
8403,59407.00308333334
8404,5980.49734920635
8405,6960.478316919187
8406,8058.70148124098
8407,11206.164626221
8408,6567.422172979798
8409,5996.662936202686
8410,59887.00303571428
8411,2081.560505952381
8412,5536.101890873018
8413,6893.697764610391
8414,4763.043890873015
8415,70472.17202398992
8416,4174.407254329004
8417,3099.1496964285716
8418,2864.63378968254
8419,2756.665339105339
8420,14003.394033730157
8421,4451.1400095598865
8422,52717.55229166667
8423,5476.3553492063475
8424,60507.53333333333
8425,6148.481301046175
8426,58303.19573232325
8427,8541.151226190483
8428,4704.517543650794
8429,7037.184439754688
8430,3421.8318412698413
8431,56496.7725
8432,5053.566499639252
8433,9759.427333874457
8434,3571.626996212122
8435,3683.658094155844
8436,7953.3597658730205
8437,53321.431268939414
8438,5183.718007936508
8439,55493.873499999994
8440,51541.212
8441,5956.7729702381
8442,56946.93155555556
8443,18178.482587301587
8444,11307.037470238094
8445,2469.9411388888884
8446,11553.807210497833
8447,7096.699282287162
8448,5737.3313890692625
8449,6163.480992604617
8450,56510.119166666664
8451,67444.62486111112
8452,67479.41737698413
8453,2503.829142857143
8454,3230.8479761904773
8455,4593.203226551226
8456,57333.4291525974
8457,50953.289990259735
8458,10396.622995851376
8459,49449.55333549785
8460,6365.9173591269855
8461,5379.946111111111
8462,58363.557819444446
8463,3994.4557777777773
8464,7102.751039682539
8465,13334.667264971136
8466,8035.554007936506
8467,65797.50659126983
8468,6732.240367063491
8469,5234.203704004331
8470,49725.0
8471,6069.569031746036
8472,49103.26916666668
8473,14031.372918650794
8474,13709.05865295815
8475,2702.7828035714283
8476,12166.955541666664
8477,2421.402535714286
8478,7789.366827380948
8479,5359.316254689753
8480,5165.641238095238
8481,49550.57631746031
8482,6855.223654761906
8483,64814.5415909091
8484,8206.133642857143
8485,55739.645886904764
8486,60437.865999999995
8487,6203.423314393938
8488,11746.561273809528
8489,6320.995496212118
8490,5216.8728313492065
8491,69979.84194083692
8492,9764.921067460316
8493,3087.5659722222226
8494,3780.8355773809517
8495,5827.596946428573
8496,5364.451621031747
8497,1683.745574217449
8498,4672.941444444445
8499,6472.082722222221
8500,6399.010079365078
8501,12666.515414682543
8502,2124.28875
8503,5716.772207514708
8504,11968.944319264067
8505,38986.361672619045
8506,49725.0
8507,2905.7060337301587
8508,53022.6063888889
8509,3069.567511904763
8510,12759.903084776337
8511,7038.9189160561655
8512,4745.71561904762
8513,4364.406126984127
8514,6843.07513095238
8515,3981.1782351676125
8516,50753.536076839824
8517,3979.4424623015884
8518,5525.823701839828
8519,4866.454343253969
8520,2470.4379761904756
8521,3309.5887025613274
8522,57049.82801984127
8523,5463.648503968254
8524,11895.890577380955
8525,4565.673398809522
8526,54657.037333333334
8527,3420.295238095238
8528,9113.870434704186
8529,54923.018
8530,56876.3625
8531,11191.635015873017
8532,3979.0534285714284
8533,45263.262023809526
8534,5140.426781746031
8535,1836.4639781746032
8536,4670.71733531746
8537,54279.41135137085
8538,71906.25105753969
8539,59723.099611111116
8540,11535.795367063494
8541,33474.33592857143
8542,12237.753154317907
8543,4306.604704365081
8544,49700.319777777775
8545,2406.9814725829724
8546,10704.40740205628
8547,16348.066828463203
8548,10979.98788888889
8549,51439.231190476195
8550,5298.184773809526
8551,62667.58828715728
8552,59856.32352976192
8553,4910.804363997116
8554,3612.6280970418466
8555,6064.34977579365
8556,6620.062585137081
8557,6492.166611111111
8558,6344.216124999999
8559,3004.366654761905
8560,8586.36875
8561,5180.566013888889
8562,40659.84952579365
8563,3357.9787247474746
8564,11348.441932997555
8565,6157.775097222224
8566,5952.466228174603
8567,2062.296853174603
8568,6684.112343253968
8569,7040.863009920635
8570,6593.929640873016
8571,4533.060009920636
8572,52437.76406818182
8573,5990.221083513709
8574,4376.558418650795
8575,57725.08460515873
8576,55371.176
8577,5463.991819444444
8578,39350.88625
8579,2739.5589761904766
8580,6237.29308423521
8581,6480.940478174605
8582,12270.88017063492
8583,9374.190941197689
8584,6204.303652236651
8585,52874.72242063491
8586,4535.265807539682
8587,6175.050211038961
8588,6601.413548340548
8589,42508.9525
8590,54374.22934126984
8591,9580.823313492065
8592,51817.0
8593,6089.069352813852
8594,5049.8777559523805
8595,5660.77122799423
8596,4364.126857142857
8597,5322.4575
8598,50661.89394642858
8599,11614.443607683977
8600,7013.9754246031725
8601,2879.0930459956726
8602,3638.5311250000004
8603,5451.496462301588
8604,4738.36301875902
8605,46632.50197619048
8606,53452.41288095238
8607,5634.495736111113
8608,12115.624081349206
8609,6153.669308913307
8610,58286.771166666666
8611,70677.469617785
8612,60487.84
8613,49740.12357142857
8614,58940.611301587305
8615,4692.320345959596
8616,3726.50632936508
8617,7346.279531746031
8618,4097.736959956709
8619,45346.46136904762
8620,63020.06713492063
8621,4353.654603174604
8622,5359.45231746032
8623,11799.672093073596
8624,4639.045138888888
8625,37863.45399314574
8626,2304.927650793651
8627,66197.40054761905
8628,47634.81145436507
8629,6562.973086760464
8630,7818.570224206345
8631,9411.11228373016
8632,44144.0
8633,7921.073898809525
8634,11131.701255952381
8635,54821.775805555546
8636,51797.3191686508
8637,12301.351837301585
8638,55353.29844444446
8639,56841.140916666656
8640,64609.1410820707
8641,68751.37350396827
8642,48434.41027380954
8643,54668.182666666675
8644,6823.4169464285715
8645,54910.41495238096
8646,2358.4894345238095
8647,6300.71495652958
8648,38249.10230519481
8649,5272.461244047619
8650,4786.551327561328
8651,9159.594154761902
8652,2878.3041329365083
8653,5163.059996031747
8654,54850.37083333333
8655,9228.74665458153
8656,4640.523017316016
8657,5949.2625
8658,6277.6991349206355
8659,6111.754708028082
8660,3625.567259920634
8661,4958.669081349206
8662,47410.608666666674
8663,51341.06071428572
8664,5735.983884379508
8665,53404.051
8666,5113.309017857145
8667,6694.254238816739
8668,8673.049396825401
8669,5551.425944444448
8670,4005.3474673520923
8671,10899.858478174605
8672,4499.697962912087
8673,11151.96299963925
8674,7410.96131547619
8675,67638.62448015873
8676,5320.8
8677,6678.801356601733
8678,2768.9819821428564
8679,51900.437856227116
8680,65791.05195039685
8681,72540.80416396105
8682,54608.0
8683,6874.57894642857
8684,2685.6556737012993
8685,45232.34595238094
8686,4543.921672619047
8687,7653.605236111111
8688,64130.374992063495
8689,11768.501117063495
8690,56599.362250000006
8691,6593.626404942283
8692,8934.526396825395
8693,4477.68363095238
8694,54684.0
8695,6491.151567460318
8696,65541.10780952382
8697,56665.124420634915
8698,58045.81938690475
8699,6113.7824269480525
8700,3093.9181713564203
8701,5226.009666125543
8702,6211.605298160173
8703,5312.873686507935
8704,2240.754994047619
8705,56526.77208333334
8706,4981.529405844158
8707,5135.4138511904775
8708,5766.768435786436
8709,41500.888333333336
8710,4601.902666833168
8711,3747.454037337663
8712,2682.6799256854256
8713,38013.56
8714,4074.9188784271273
8715,4293.178553571429
8716,58524.1593531746
8717,8249.87978769841
8718,5033.542197871572
8719,6195.8376269841265
8720,6099.578643398268
8721,7871.941013888885
8722,9451.791460775336
8723,4350.099751984128
8724,6167.649759199133
8725,5649.329103174604
8726,9575.769468253968
8727,3289.673843253968
8728,20451.186674506043
8729,11254.186034992785
8730,6312.646916666664
8731,7702.293699855701
8732,33514.98253174603
8733,5264.696752344877
8734,3869.4503883477632
8735,5182.076273809523
8736,14339.496691017312
8737,5437.125556166056
8738,14756.430496558996
8739,4250.8373609307355
8740,10749.541789835166
8741,4006.2073204850713
8742,2281.057392857142
8743,7338.835859307362
8744,6464.576799062048
8745,11428.105266233766
8746,49683.473
8747,2264.6551547619047
8748,12509.26448069986
8749,54066.45033531745
8750,6506.93567857143
8751,7398.063882756134
8752,5308.999728174603
8753,5050.570926587302
8754,10059.721593253966
8755,9703.5702231241
8756,5881.097634712507
8757,64078.72315873019
8758,2998.9857961760467
8759,5984.1525
8760,5703.942789141416
8761,4643.144759920635
8762,61300.04983928574
8763,11402.84813293651
8764,20612.543142857143
8765,46554.73268650794
8766,42210.13358333334
8767,5813.38511904762
8768,56572.15108730158
8769,5921.640315476189
8770,72681.59739448053
8771,5343.8485
8772,16308.109048881675
8773,2984.253388888889
8774,4521.643
8775,9429.248259004884
8776,7669.9981765873035
8777,2911.39525
8778,2514.6254623015875
8779,2347.89
8780,6844.026767857144
8781,22152.0
8782,6444.280779761905
8783,6401.9488373015865
8784,5516.7363333333315
8785,5537.610935064931
8786,60784.53309758298
8787,4426.288327380949
8788,5896.923670815295
8789,28366.015892857147
8790,4771.699033369408
8791,2240.607384920635
8792,10845.581990800865
8793,6330.090547619047
8794,5355.462622044621
8795,4132.073938769564
8796,4419.793015873017
8797,11035.031947510823
8798,5504.693696428572
8799,15739.343314935062
8800,9639.681341269843
8801,3242.460299603175
8802,5332.680075937949
8803,5585.427499999996
8804,6742.043792207793
8805,6768.673721681096
8806,7322.691220238097
8807,6249.160276154401
8808,2211.6002678571435
8809,6437.410063492063
8810,57889.04026839826
8811,51892.48
8812,6900.066577020202
8813,3866.8770119047613
8814,3262.485192640693
8815,3173.127833333334
8816,4523.578140151514
8817,59544.309424242434
8818,27939.19875
8819,8069.677803571429
8820,12224.248636904756
8821,69946.437100469
8822,81525.00963005054
8823,7351.002230158731
8824,67143.45888888888
8825,5736.918509740259
8826,41070.82
8827,37325.03605952381
8828,9422.109240079364
8829,6091.620944444443
8830,12209.678109126988
8831,3451.765065476192
8832,5537.608515873016
8833,61760.373850649354
8834,66694.6575922827
8835,45249.77833333333
8836,5648.995268037516
8837,7851.063323412699
8838,4712.460281107781
8839,48207.74828571428
8840,22201.847
8841,4979.558079365079
8842,8074.660916666668
8843,54699.882000000005
8844,4024.6432261904747
8845,5354.311265873015
8846,8030.258886904762
8847,8556.329440476187
8848,44240.80864556277
8849,4732.638563131313
8850,60610.3773095238
8851,41892.98076388889
8852,7503.485408730156
8853,2645.9627638888887
8854,57209.90854166667
8855,67714.14845238096
8856,73132.19233333333
8857,2297.571956349206
8858,6325.869557539682
8859,4193.008591269841
8860,72303.03527958154
8861,6402.872202380952
8862,5499.572507936508
8863,52243.36666666666
8864,14658.46033459596
8865,8064.746654761906
8866,29156.031499999997
8867,5583.530825396829
8868,4547.7604442640695
8869,2170.7456666666667
8870,54976.6561190476
8871,4867.046952380952
8872,44249.68848015873
8873,2277.8122619047617
8874,50166.12200000001
8875,8605.596456349203
8876,60055.16961904762
8877,4991.999529761906
8878,4894.679869047617
8879,39625.14266666666
8880,7248.0672400793665
8881,4196.877316697193
8882,16657.07589087302
8883,6457.8072909451685
8884,6546.196083333332
8885,5038.331500000001
8886,6188.78939484127
8887,6172.587216269841
8888,78797.46032034629
8889,3044.0112658730154
8890,54631.876000000004
8891,5897.708940476191
8892,6789.280357142857
8893,4761.623106601731
8894,59424.387757575765
8895,51939.590888888895
8896,56016.89072817461
8897,5949.0
8898,3103.842803571428
8899,49732.36325
8900,6268.046686507937
8901,4042.2064960317457
8902,20684.0
8903,52161.49654761905
8904,6424.263333333333
8905,5102.4088757214995
8906,6241.936436507938
8907,3300.421670274171
8908,4249.573573412697
8909,4182.934726190476
8910,3468.8490178571433
8911,71747.73117857143
8912,59181.94027777779
8913,5740.547871031746
8914,9657.71300198413
8915,62803.90502525251
8916,5602.679091269842
8917,8407.374488095238
8918,46886.8846686508
8919,7950.326442460318
8920,49694.41936904762
8921,57049.108884199144
8922,4861.846246031745
8923,60522.96666666666
8924,10809.130551587303
8925,6491.227998015875
8926,7438.715748917749
8927,2156.6985138888886
8928,5750.237625541127
8929,54399.60403968256
8930,5119.602295634921
8931,2569.2544166666676
8932,52523.66433730158
8933,3321.116698412699
8934,54652.52304563492
8935,6494.768387987012
8936,4483.526956349207
8937,9586.087634920637
8938,54684.0
8939,7535.982726190476
8940,4901.985862373737
8941,60956.06
8942,2544.0410119047624
8943,41202.157261904766
8944,8530.298359126986
8945,10784.970496031752
8946,5274.775945165944
8947,5762.938519480519
8948,4834.651071428571
8949,9800.867025793652
8950,60109.65406024535
8951,6213.333089285716
8952,4784.497440476191
8953,4523.9249226190495
8954,52348.07125
8955,6478.790704365079
8956,14617.567882756135
8957,58357.97733333334
8958,41155.87055555556
8959,5177.281983710732
8960,29288.371214285708
8961,5618.324126443002
8962,5472.3662261904765
8963,55929.12999999999
8964,44744.230083333336
8965,4220.3526051587305
8966,53471.37672619049
8967,34715.627103535364
8968,49045.3177202381
8969,9496.529148809524
8970,3725.3924821428564
8971,11053.892632756133
8972,15701.168321969692
8973,4932.324224206351
8974,56576.892
8975,11632.425130952384
8976,6102.7278809523805
8977,13870.89847222223
8978,4040.116710858585
8979,37303.03666468254
8980,7904.312977272729
8981,56943.629189033185
8982,11858.390434523804
8983,60305.5818888889
8984,55119.0406031746
8985,41432.63041666667
8986,4508.215494047619
8987,6793.641283730158
8988,8983.038299603171
8989,56329.90461904762
8990,10761.565783730159
8991,60157.47155555556
8992,6124.899
8993,62596.58853968254
8994,6356.229123015874
8995,14274.58324603175
8996,5160.259488095237
8997,51204.367144660886
8998,5527.632426587301
8999,3746.407690476191
9000,84821.15363690481
9001,4597.309945360195
9002,2476.3265294011535
9003,11153.66421031746
9004,4462.701553571427
9005,11954.949791666666
9006,11685.527391774895
9007,11182.367628968252
9008,6328.847779761907
9009,9843.95238095238
9010,3725.086416666666
9011,9665.875204365082
9012,4017.2583354978356
9013,56526.26666666667
9014,6463.276214285714
9015,2364.8773085109337
9016,5899.058950396825
9017,5668.016408730158
9018,17664.057088564212
9019,4780.176980158732
9020,7991.4305674603165
9021,23839.98
9022,65741.35041269845
9023,5818.230214285714
9024,2677.212952380952
9025,7224.980807539684
9026,5884.756849206348
9027,2668.3313335137086
9028,2387.4569113247867
9029,11222.879738095238
9030,5151.363351190478
9031,6243.485468795098
9032,10587.983202380952
9033,73195.89169047619
9034,6126.668809523811
9035,4508.050922619047
9036,58059.606551587305
9037,2225.757833333333
9038,50751.315267857135
9039,11270.162174603167
9040,49752.01458333333
9041,2225.222079004328
9042,4269.639045634922
9043,34096.3104208153
9044,51428.206
9045,61718.710431457424
9046,5681.957029761906
9047,4065.541875000001
9048,55340.463285714286
9049,15937.650714285712
9050,3470.5241150793654
9051,8864.335767857141
9052,7573.166130952382
9053,59366.306666666664
9054,8536.201234126987
9055,10646.75666522366
9056,4095.3531210317465
9057,3878.1240119047616
9058,1625.4735912698413
9059,4175.9751816378075
9060,5923.771668650791
9061,12847.934884920636
9062,29073.422648809534
9063,5801.901152777779
9064,56512.164000000004
9065,48213.0
9066,11180.145014790765
9067,4282.496924603174
9068,11607.852386904764
9069,11225.690906746036
9070,2370.0518392857143
9071,53955.252015873026
9072,3284.6867720057726
9073,59835.50655952379
9074,7348.025705808078
9075,9616.248391233767
9076,81218.28338095239
9077,6577.630223290598
9078,3995.010416666666
9079,3101.4137771672777
9080,56412.50862500001
9081,5942.87611904762
9082,6798.534909271282
9083,6378.36322420635
9084,6458.357441017314
9085,5039.715633658007
9086,3379.005634920636
9087,7039.883569083696
9088,73932.9269718615
9089,3112.3696785714296
9090,6069.268912698408
9091,3936.353581349206
9092,63310.12903409091
9093,9577.255597222222
9094,6510.565204365078
9095,4044.110732503607
9096,4155.862136904762
9097,14655.956897005773
9098,3315.496823953824
9099,49486.56537896826
9100,2502.9416507936503
9101,63836.0938531746
9102,61365.28436507936
9103,7114.8589746642265
9104,64226.19209523809
9105,6497.933160714286
9106,5787.384216269844
9107,4289.359085317462
9108,10210.178025974026
9109,34456.71753174603
9110,3722.1803612914873
9111,5890.309951659454
9112,9864.469624819625
9113,49796.501133394384
9114,4653.8668114663105
9115,44273.40375
9116,2412.089964285714
9117,60589.97681944445
9118,6459.382622294372
9119,4046.7313510101008
9120,4947.508751984125
9121,14663.472367673994
9122,5337.748523809523
9123,37985.0
9124,43437.35028571429
9125,60369.07270833334
9126,6310.815571428568
9127,58272.8697777778
9128,62009.147634920635
9129,4433.700730158731
9130,5173.278506313134
9131,4815.461246031745
9132,2830.0896607142863
9133,4580.542841269842
9134,6601.848878968253
9135,55424.23819047619
9136,76542.02809686154
9137,76506.86284126986
9138,42887.77313455989
9139,73094.6
9140,5831.232432539686
9141,53213.65332539682
9142,51812.35
9143,60029.750178571434
9144,41064.0
9145,4874.005327380953
9146,3994.880888888889
9147,2491.7676109307363
9148,54991.33377380952
9149,55062.315
9150,7756.310774170277
9151,59252.31672222223
9152,2862.3673888888898
9153,3608.5340880230888
9154,2902.3494642857154
9155,2568.9959484126985
9156,11386.966922619047
9157,15347.919050144314
9158,4100.896417748917
9159,4472.23778968254
9160,28404.84380952381
9161,5991.389996031747
9162,2999.196206807082
9163,3660.37219534632
9164,49562.19147023812
9165,55841.15890670438
9166,13817.871216269836
9167,5149.6310315656565
9168,54344.11007341267
9169,72548.70631457433
9170,43863.07264880953
9171,5713.205827380952
9172,41630.87440476191
9173,9006.214365079368
9174,39229.73199963925
9175,38922.20574404762
9176,5664.045454545453
9177,55422.92
9178,7788.443428571428
9179,46924.60234523808
9180,8113.260726190476
9181,4540.5449345238085
9182,6390.064303571429
9183,8034.6426130952395
9184,7376.933160714285
9185,5217.596267857143
9186,3353.057817460317
9187,32970.68645833334
9188,68626.95522420632
9189,55825.67082142857
9190,17268.43725374625
9191,6739.1312757936485
9192,3822.9883392857137
9193,67553.8147281746
9194,36989.247343711846
9195,5973.1746587301595
9196,59286.188563492076
9197,5385.23891305916
9198,8238.328876984124
9199,4378.576163419914
9200,6489.866513056389
9201,6260.348220418472
9202,2658.9002733516477
9203,18175.966690476183
9204,56658.40798809525
9205,4857.503259920634
9206,12487.3692739899
9207,38032.55425000001
9208,27987.08480952381
9209,10498.950061507932
9210,7639.3104660755935
9211,8960.867438492061
9212,3427.1137281746037
9213,77325.56897802197
9214,6579.79437319625
9215,51721.971726190466
9216,14181.285622113997
9217,4228.507152777779
9218,29043.379833333332
9219,12927.135162337661
9220,67422.23281349207
9221,5106.8852106782115
9222,10761.561410714288
9223,6272.00723430736
9224,45210.39214285715
9225,72482.5155833333
9226,3903.4944144882875
9227,5988.406130952381
9228,39998.91844884283
9229,64907.85480844154
9230,60527.031166666675
9231,75980.01198412699
9232,2645.414128968254
9233,12796.596968975467
9234,3278.564773809523
9235,4428.853412518037
9236,7087.696064033185
9237,44144.0
9238,16465.973621753245
9239,6104.445212301587
9240,10560.925320887445
9241,51817.0
9242,7507.588416666666
9243,6429.273732142857
9244,45811.97138095238
9245,5787.765751984128
9246,49305.4239702381
9247,11807.32837667888
9248,4350.865373015871
9249,6595.734781746032
9250,11145.26049891775
9251,46217.239393939395
9252,5752.235666666669
9253,5761.911379509378
9254,54558.50222222223
9255,5841.204888888888
9256,1730.8631170634926
9257,6203.357872294371
9258,10825.908583333334
9259,3505.854676587303
9260,12269.393249999996
9261,4304.543413600289
9262,3539.884572510823
9263,84417.74119444443
9264,4993.390144841269
9265,75296.7325515873
9266,48026.48854166667
9267,61138.3552277445
9268,49702.12391666668
9269,5391.878871753246
9270,6997.347472222223
9271,2568.9283194444447
9272,6357.088916666668
9273,7342.794962301586
9274,67187.22391666665
9275,5340.048204545453
9276,5848.731896825397
9277,60367.45982142857
9278,14639.247168650794
9279,5488.456846500722
9280,13364.816911796534
9281,60508.0
9282,58649.44597420638
9283,46698.24616666668
9284,5187.491523809524
9285,48776.302255050505
9286,5928.25003968254
9287,5579.389716269842
9288,53683.29
9289,6070.267430735932
9290,3435.1473100649355
9291,3833.2598726551228
9292,45429.16125
9293,3169.7610595238098
9294,43580.987507936516
9295,5222.440248196249
9296,3950.1776190476176
9297,2525.537712301588
9298,62072.805468253966
9299,52506.78543253968
9300,6374.66918452381
9301,5474.592618686869
9302,5552.671029761905
9303,36743.65588419914
9304,58446.62009415585
9305,2250.4725595238097
9306,13173.430651695526
9307,54525.888222222224
9308,3344.107578046953
9309,5974.799624999999
9310,4325.077462121213
9311,14987.255510101013
9312,45512.532388888896
9313,11854.02704761905
9314,5511.874496392497
9315,4366.253408730159
9316,56639.01433982683
9317,60989.2
9318,62940.59388888887
9319,5197.186700577202
9320,3596.6665
9321,45386.53348809524
9322,7739.922843253971
9323,5970.956875
9324,50277.845
9325,5975.43241053391
9326,10086.854369047616
9327,2700.289353174603
9328,50426.66764285715
9329,5063.465253607505
9330,4906.050849567099
9331,6210.66925595238
9332,5376.539864718614
9333,4412.853678585304
9334,10248.464579906207
9335,56663.963297619055
9336,3130.789777777777
9337,4590.904247113997
9338,6224.6371930708165
9339,4471.809230158731
9340,5583.88690277778
9341,5617.809968073593
9342,3893.4510994838497
9343,6722.826274711401
9344,55624.9584404762
9345,4297.694021825395
9346,56980.374825396815
9347,45257.0
9348,44926.63334199134
9349,4500.325222222224
9350,2329.0773908730152
9351,69415.25462842714
9352,3956.7065968614743
9353,60986.742873015886
9354,60587.76
9355,5215.780569444444
9356,47974.540615079364
9357,29156.031499999997
9358,12037.747078643579
9359,6782.286339285716
9360,54653.878
9361,8218.868960317459
9362,50732.82622222221
9363,66516.38442712843
9364,55321.070785714255
9365,55157.573959609865
9366,10242.816494047616
9367,4406.210869047619
9368,55919.88288095238
9369,3674.0870939754695
9370,11303.58125198413
9371,8349.73364880952
9372,53662.30388095239
9373,41064.0
9374,9563.437460497835
9375,6330.404897130647
9376,4008.173138888888
9377,61493.26239880954
9378,6424.573873015874
9379,6082.718413059163
9380,6393.814176587301
9381,4491.126776334775
9382,10290.005692460314
9383,53552.86724116162
9384,5230.302619047619
9385,63567.09223647187
9386,17774.70474891775
9387,5157.222316919193
9388,14498.902223484849
9389,11601.95995238095
9390,16003.71760317461
9391,3149.8183037518043
9392,44526.31354761905
9393,17570.924107142855
9394,6706.823795093796
9395,12564.851799242424
9396,4745.415750721501
9397,5998.792605158728
9398,6247.120336580087
9399,30934.92130952382
9400,60396.0
9401,5376.285166666666
9402,5382.2220187590165
9403,7756.964615079366
9404,8405.443793650797
9405,2959.8436944444447
9406,14610.486039682542
9407,50180.74054761904
9408,6935.656807539685
9409,14228.984442460316
9410,54909.136333333336
9411,3515.6621746031747
9412,12194.946007936505
9413,7280.605186507942
9414,4356.706174603175
9415,59531.14032341271
9416,46119.55276785714
9417,3721.3177162698425
9418,12531.65205591631
9419,6045.71346031746
9420,44696.41357936507
9421,4570.570595238097
9422,8494.842738095236
9423,10727.72435064935
9424,5992.159356060608
9425,3698.4540079365092
9426,53103.59402777778
9427,3906.5582043650793
9428,61891.24264682541
9429,6109.189904761904
9430,5463.47435894661
9431,5725.295924242425
9432,51954.52106746033
9433,67373.76652167276
9434,5107.243587301588
9435,4649.474323412696
9436,8833.941240079364
9437,5314.615375541126
9438,5508.460240440115
9439,12071.214903318905
9440,60104.14905555557
9441,10001.542297619053
9442,6366.575473124098
9443,39338.19525198413
9444,5733.463317460317
9445,4374.9420367965395
9446,49405.49525739536
9447,45267.36795129869
9448,2783.6921031746037
9449,7494.0873486652235
9450,49417.519158730174
9451,74014.73547619047
9452,3582.768308316684
9453,4508.011952380953
9454,8917.06290277778
9455,3604.3869027777782
9456,6020.030925865798
9457,14063.781757936511
9458,49560.941
9459,6387.801906204907
9460,6325.162609307358
9461,49576.98226785715
9462,69581.20534920637
9463,7056.041708874458
9464,39553.33555537518
9465,12788.085111111113
9466,5974.7192599206355
9467,4043.066785714286
9468,51226.90588888891
9469,51817.0
9470,10133.035072150073
9471,8037.364461385836
9472,52399.05443055555
9473,62047.83121428572
9474,12972.233930014429
9475,2183.263432539683
9476,4025.7394146825404
9477,6057.739440476189
9478,12417.653514610387
9479,4247.292384018759
9480,5669.652541666667
9481,13730.439891164393
9482,12147.77916468254
9483,50639.532388888896
9484,9294.72358910534
9485,4603.507339285717
9486,4590.392418650796
9487,42245.004271825375
9488,4794.566715007216
9489,60846.47578751802
9490,2627.5043690476195
9491,39153.85816666667
9492,7817.910043650796
9493,3070.7104345238104
9494,6919.740664321789
9495,7440.389301226551
9496,7139.238255272506
9497,45236.549333333336
9498,4799.231593614717
9499,1458.7229543650794
9500,57339.8463452381
9501,11554.137345238096
9502,57460.14845634921
9503,3700.0069761904756
9504,39652.68708333334
9505,4725.245799062047
9506,10036.131850108222
9507,2575.0345501443
9508,2429.167538600288
9509,5590.160591269842
9510,4525.863690476192
9511,10140.241719155842
9512,5119.732967712842
9513,64860.65956349208
9514,9903.063198107453
9515,4345.153633116883
9516,5972.404845238097
9517,6915.512952380947
9518,5946.632188492064
9519,6824.929773837274
9520,3651.942392857141
9521,9936.820220238094
9522,42852.28025595239
9523,4482.849571428571
9524,4599.12785407648
9525,7036.568875
9526,7559.315566378063
9527,69819.62352777777
9528,3951.210033730161
9529,18098.97190025252
9530,62795.86423412698
9531,13921.67278571428
9532,7662.978785714283
9533,43768.743158730154
9534,65316.76605158731
9535,38058.43333333333
9536,62783.041239718616
9537,5863.06173611111
9538,57422.30359577923
9539,3357.0423492063496
9540,56347.35589285714
9541,45733.81928571429
9542,55554.643033730164
9543,7180.589015817518
9544,3587.887916666667
9545,53403.28242857143
9546,4672.248266955267
9547,4119.064253968254
9548,1996.3659837662337
9549,61365.19885714288
9550,2430.678558080808
9551,5896.3584880952385
9552,55488.89778174603
9553,4682.614285714285
9554,7743.528055555555
9555,9061.195166666666
9556,20525.658406565653
9557,9331.612822746698
9558,56535.77416666666
9559,11375.781079365082
9560,5974.1642738095225
9561,11376.750218253972
9562,54843.682
9563,4526.076214285715
9564,4792.676312409814
9565,45663.62052380953
9566,4783.193617784993
9567,6337.136182539683
9568,6871.909182539686
9569,15992.939677808301
9570,6886.379271103898
9571,7472.314359126979
9572,56768.886599206344
9573,12819.853349206347
9574,4435.510174603176
9575,6093.7559752886
9576,2168.92
9577,75175.5743829365
9578,45776.808121212125
9579,7041.963248778997
9580,60508.0
9581,20766.198341269836
9582,59802.553436660564
9583,5775.429799422796
9584,47409.81859920635
9585,42239.830210317465
9586,9103.410833333333
9587,50974.28671626984
9588,6426.050413419914
9589,6304.896583333334
9590,5542.853132589634
9591,2464.9386289682543
9592,6783.2331510989015
9593,6320.529011904761
9594,60393.45008333333
9595,62185.85730555556
9596,62160.89702777774
9597,6915.4119632034635
9598,4729.12065313853
9599,3641.9270317460328
9600,4234.715021825396
9601,7617.903554112554
9602,32671.21905519481
9603,2864.2385793650797
9604,6993.309683441557
9605,6961.987238095241
9606,41090.13492857143
9607,4499.848839285714
9608,1736.3959880952382
9609,4388.32665079365
9610,13708.263441156063
9611,5976.443876984127
9612,54185.92623809525
9613,58457.64802579365
9614,5218.925355158731
9615,54608.0
9616,4095.302069444445
9617,5965.596666847043
9618,58103.070726731596
9619,51922.8998968254
9620,56198.76653666472
9621,12863.193609307356
9622,5569.8806369047625
9623,39138.97043620269
9624,7336.713480158723
9625,6781.447316017315
9626,5972.494246031747
9627,3715.873422258297
9628,5783.945055555555
9629,6698.4664464285715
9630,42169.891726190486
9631,5787.093095210344
9632,6191.383333333334
9633,74677.9290714286
9634,45377.07895956821
9635,5609.501773809524
9636,4914.568371073371
9637,5792.025615079366
9638,6544.555814102563
9639,69661.82094841269
9640,2435.5436587301588
9641,15671.592609126988
9642,5937.268702380955
9643,4360.910883297259
9644,5668.909839285715
9645,13352.355021825393
9646,2707.164888888889
9647,9063.972305555557
9648,15420.91538979077
9649,5842.743834776334
9650,5094.309746031748
9651,4415.790970238096
9652,4642.6123396464645
9653,15984.774427308806
9654,11514.82829960317
9655,4047.374880050506
9656,1800.7791428571425
9657,63901.32622222221
9658,66299.51227579363
9659,7548.683720876342
9660,7135.48691468254
9661,49951.178464285724
9662,5938.9675165945155
9663,4217.471634920636
9664,6269.869255952381
9665,2765.5685297619057
9666,42500.592535714255
9667,6456.755033008655
9668,11636.000430194805
9669,4124.018333333333
9670,51557.49416666667
9671,6634.069839105338
9672,3874.5217460317454
9673,30448.588178571426
9674,45682.06967261905
9675,70361.36284704185
9676,55150.17855357144
9677,10799.561869047619
9678,53924.619925865816
9679,45301.9839107143
9680,6851.997492063489
9681,4739.999357142858
9682,7064.0290178571395
9683,11866.636584956712
9684,6352.721336219338
9685,8144.5575793650805
9686,63810.2950007215
9687,2637.736527777777
9688,12589.153722069601
9689,2511.4442876984126
9690,59615.764611111095
9691,67726.75327128431
9692,7139.177448412697
9693,4423.975839285715
9694,5663.302604437228
9695,52087.07999999999
9696,5560.469480158733
9697,53219.01333333333
9698,4114.481681637806
9699,66270.0059563492
9700,6341.004577380951
9701,62397.11739484127
9702,2616.2179186507933
9703,8398.33372222222
9704,13547.926486111111
9705,43347.220734127
9706,7068.086188492063
9707,60762.85825122099
9708,9251.532323412703
9709,31413.21178571428
9710,4206.951934884561
9711,60533.236732142854
9712,3484.7109722222226
9713,20405.652682720047
9714,7450.312863095239
9715,4176.4998948412685
9716,71741.26235642136
9717,5995.366533730161
9718,6167.519262876013
9719,5799.992797619049
9720,12210.839836399706
9721,9172.185638888886
9722,22210.3715952381
9723,6722.087898809524
9724,75381.61057756134
9725,7601.519097222224
9726,44280.0
9727,5286.22802200577
9728,29615.887736111115
9729,5630.736204365077
9730,5652.845291666668
9731,19417.52220360196
9732,4671.96250793651
9733,3962.9175119047604
9734,2487.4752976190466
9735,6028.112916666668
9736,11891.429853174604
9737,6033.100926587301
9738,3562.33847420635
9739,6324.965805555557
9740,4649.413009920637
9741,61396.63775757575
9742,10121.649658730159
9743,8373.006765873015
9744,44220.81730952382
9745,5132.106904761904
9746,7062.231047258298
9747,48326.91671031748
9748,4519.516291666667
9749,68210.4613174603
9750,6117.491666666668
9751,5585.079583333332
9752,54751.35541666667
9753,63932.55216071428
9754,6412.049605158731
9755,4799.183458333334
9756,45670.57388095238
9757,8211.334291666666
9758,3163.960678571429
9759,14843.153339285713
9760,60701.30813888889
9761,3345.60638888889
9762,4789.380301587304
9763,45850.29833333333
9764,4607.362845238095
9765,3500.1429246031744
9766,4932.009156746031
9767,9903.363009920637
9768,6670.373011904763
9769,5852.579601911977
9770,6659.653351190478
9771,66499.50666666667
9772,6204.973095238096
9773,43814.5137056277
9774,13521.264006854253
9775,8726.422431776555
9776,38111.32275
9777,13398.340716269835
9778,6589.97794336219
9779,7795.577259920636
9780,5432.723601190476
9781,2841.9442261904755
9782,38348.84755014431
9783,6004.906277777777
9784,5724.5997886002915
9785,52308.606642857136
9786,11606.128718253967
9787,1734.466511904762
9788,49924.26293452381
9789,3138.6533730158735
9790,3261.7253749999986
9791,4646.93130952381
9792,6026.375391774893
9793,55374.17649603175
9794,5405.927009920636
9795,13841.84497619047
9796,36484.25173214285
9797,56719.37241414143
9798,6038.6787678571445
9799,53105.68655952381
9800,6836.285984126985
9801,12800.832557720052
9802,43209.722900793655
9803,3034.6446726190475
9804,11268.772862554113
9805,3930.7461191447433
9806,13570.94797709235
9807,5576.33066576479
9808,55875.92292460317
9809,6815.326688492065
9810,6804.612781565655
9811,5097.486052849928
9812,6582.786890512265
9813,15605.989785714277
9814,9132.5123502886
9815,6205.483795634918
9816,6330.671459054832
9817,60208.53011507937
9818,58962.510833333334
9819,17369.790067460322
9820,4501.970327380953
9821,6652.033488317238
9822,11487.22214195527
9823,54495.925
9824,5550.266626443002
9825,6420.450531746027
9826,60564.04925000001
9827,6870.1420595238105
9828,28815.7364047619
9829,70413.58980753971
9830,16680.18293849207
9831,38200.23548214286
9832,3370.8727700216464
9833,4443.80927579365
9834,5176.2421468254
9835,6131.444756132755
9836,45963.98258928571
9837,64845.365216269834
9838,3915.0508782467537
9839,54558.895
9840,11939.804128968251
9841,11480.104843614716
9842,4498.65840079365
9843,3651.263355158729
9844,41064.0
9845,6337.062755952378
9846,4155.722607142858
9847,15207.213274531026
9848,3647.1921069624827
9849,4866.732049603174
9850,4956.7076746031735
9851,12074.874602994227
9852,5742.906736111111
9853,58109.68725198414
9854,4884.951009920635
9855,5314.119186507937
9856,57325.20798809524
9857,6619.729498376622
9858,12259.997393759017
9859,53852.956952380955
9860,53662.556
9861,3534.519573232323
9862,41988.07574603175
9863,47828.947988095235
9864,40593.218819444446
9865,55748.193
9866,4023.9955317460317
9867,6285.637458152956
9868,66985.53400919915
9869,53718.00745238094
9870,7936.398085678213
9871,4901.891353174604
9872,4548.5299781746035
9873,60339.249303030294
9874,8716.828297619048
9875,63300.65091666666
9876,4053.8541111111103
9877,6557.980023268396
9878,9766.722694444443
9879,5229.4922590048845
9880,3379.573226190476
9881,55750.527053571415
9882,66452.44148971862
9883,4341.94024891775
9884,15095.78011201298
9885,49207.0
9886,63317.39319372294
9887,3346.076666666667
9888,58670.81966666665
9889,7835.696531746033
9890,39499.0
9891,23969.8685
9892,3486.0954999999985
9893,57372.720422619044
9894,4535.390380952381
9895,8496.206904040406
9896,5235.801688852814
9897,7490.434182539679
9898,6145.42419047619
9899,5318.649493326118
9900,56121.64178571429
9901,5565.014309523809
9902,4198.6855337301595
9903,5929.406345418472
9904,2765.639133658009
9905,2162.3426904761905
9906,11207.316599025975
9907,6205.8198908730155
9908,7971.485476190478
9909,27758.776154761912
9910,3388.7775595238095
9911,59412.65227380954
9912,5474.397503968254
9913,9519.678883116883
9914,10305.036160714291
9915,8549.231271645023
9916,48239.4729484127
9917,39468.30783333334
9918,8442.310678751805
9919,14198.468639069262
9920,3960.687551406927
9921,51822.050285714286
9922,1730.1803571428575
9923,4306.387197330448
9924,10965.752815323567
9925,6578.36629563492
9926,2712.928031746032
9927,59484.44533333333
9928,60431.98714285714
9929,4545.495388888891
9930,5082.240800685425
9931,61628.86123611109
9932,4075.6931924603177
9933,6500.543444444444
9934,6487.899567460317
9935,9904.435871031745
9936,6421.978782467531
9937,5237.994862054613
9938,4469.907454184703
9939,4481.910583333333
9940,4975.668822510824
9941,3938.640369227994
9942,3205.9164940476185
9943,7529.708662698415
9944,2709.303827380952
9945,6228.405854076478
9946,5380.641095238095
9947,55997.03566666667
9948,50034.74420634917
9949,4932.548779761904
9950,7590.770152777777
9951,5998.432690476193
9952,4129.870761904761
9953,5814.866835317458
9954,51424.15790151513
9955,3819.8684999999996
9956,3546.5518452380948
9957,2434.8767857142857
9958,7022.53719787157
9959,6725.315414862916
9960,6620.781113816738
9961,6469.224748015872
9962,12436.382548520929
9963,54608.0
9964,4480.946138888889
9965,7059.058762959263
9966,58839.54642514431
9967,57515.91816919193
9968,73079.98067460318
9969,6013.465430375181
9970,51769.492
9971,15278.773126803751
9972,57198.157750000006
9973,58080.9195
9974,5490.793918956043
9975,3221.072372294372
9976,5786.747511904761
9977,4998.348725468977
9978,4629.300240079364
9979,2715.6391114718617
9980,68148.96935714287
9981,46249.001333333326
9982,4196.747158730158
9983,5886.256169552671
9984,3030.1973690476193
9985,4801.989838023091
9986,4768.399573593073
9987,52381.17641666667
9988,6051.098827380952
9989,65821.55494444445
9990,7128.453283730156
9991,2781.8802480158715
9992,5493.4688538961045
9993,9287.958325826952
9994,4399.375662698414
9995,4514.029369047619
9996,6767.234105519479
9997,80396.77608730158
9998,52871.93362391774
9999,56737.50210313298
